id,fake_date
U-i6cq-yFRVJC4pIKSLX9Q,12/8/2012
U-i6cq-yFRVJC4pIKSLX9Q,12/28/2012
U-i6cq-yFRVJC4pIKSLX9Q,12/31/2012
U-i6cq-yFRVJC4pIKSLX9Q,1/4/2013
U-i6cq-yFRVJC4pIKSLX9Q,1/11/2013
U-i6cq-yFRVJC4pIKSLX9Q,1/25/2013
U-i6cq-yFRVJC4pIKSLX9Q,2/2/2013
U-i6cq-yFRVJC4pIKSLX9Q,2/16/2013
U-i6cq-yFRVJC4pIKSLX9Q,2/22/2013
U-i6cq-yFRVJC4pIKSLX9Q,3/4/2013
U-i6cq-yFRVJC4pIKSLX9Q,3/21/2013
U-i6cq-yFRVJC4pIKSLX9Q,4/25/2013
U-i6cq-yFRVJC4pIKSLX9Q,4/29/2013
U-i6cq-yFRVJC4pIKSLX9Q,5/25/2013
U-i6cq-yFRVJC4pIKSLX9Q,6/14/2013
U-i6cq-yFRVJC4pIKSLX9Q,6/23/2013
yNRCLu9ESXu9M9R-nO_fEQ,2/17/2020
yNRCLu9ESXu9M9R-nO_fEQ,2/27/2020
yNRCLu9ESXu9M9R-nO_fEQ,3/7/2020
yNRCLu9ESXu9M9R-nO_fEQ,3/12/2020
yNRCLu9ESXu9M9R-nO_fEQ,3/28/2020
tDv2qG4N7PsYLN0QYuuaZQ,9/18/2017
tDv2qG4N7PsYLN0QYuuaZQ,9/20/2017
tDv2qG4N7PsYLN0QYuuaZQ,9/22/2017
tDv2qG4N7PsYLN0QYuuaZQ,9/26/2017
tDv2qG4N7PsYLN0QYuuaZQ,10/2/2017
tDv2qG4N7PsYLN0QYuuaZQ,10/4/2017
tDv2qG4N7PsYLN0QYuuaZQ,10/5/2017
tDv2qG4N7PsYLN0QYuuaZQ,10/6/2017
tDv2qG4N7PsYLN0QYuuaZQ,10/7/2017
tDv2qG4N7PsYLN0QYuuaZQ,10/14/2017
tDv2qG4N7PsYLN0QYuuaZQ,10/16/2017
tDv2qG4N7PsYLN0QYuuaZQ,10/28/2017
WkN8Z2Q8gbhjjkCt8cDVxg,1/29/2013
WkN8Z2Q8gbhjjkCt8cDVxg,5/29/2013
WkN8Z2Q8gbhjjkCt8cDVxg,9/29/2013
WkN8Z2Q8gbhjjkCt8cDVxg,11/6/2013
WkN8Z2Q8gbhjjkCt8cDVxg,11/23/2013
WkN8Z2Q8gbhjjkCt8cDVxg,2/24/2014
WkN8Z2Q8gbhjjkCt8cDVxg,9/1/2014
WkN8Z2Q8gbhjjkCt8cDVxg,9/10/2014
WkN8Z2Q8gbhjjkCt8cDVxg,10/10/2014
WkN8Z2Q8gbhjjkCt8cDVxg,12/22/2014
WkN8Z2Q8gbhjjkCt8cDVxg,1/15/2015
WkN8Z2Q8gbhjjkCt8cDVxg,2/15/2015
WkN8Z2Q8gbhjjkCt8cDVxg,2/27/2015
WkN8Z2Q8gbhjjkCt8cDVxg,3/16/2015
WkN8Z2Q8gbhjjkCt8cDVxg,5/19/2015
WkN8Z2Q8gbhjjkCt8cDVxg,7/9/2015
MurRZhxMFipelvK2zzHRaw,5/10/2019
MurRZhxMFipelvK2zzHRaw,5/13/2019
MurRZhxMFipelvK2zzHRaw,5/16/2019
MurRZhxMFipelvK2zzHRaw,5/17/2019
MurRZhxMFipelvK2zzHRaw,5/19/2019
MurRZhxMFipelvK2zzHRaw,5/21/2019
MurRZhxMFipelvK2zzHRaw,5/27/2019
MurRZhxMFipelvK2zzHRaw,5/31/2019
MurRZhxMFipelvK2zzHRaw,6/2/2019
OD97PIrms4dSxVbdT1T7Bw,11/13/2019
OD97PIrms4dSxVbdT1T7Bw,11/16/2019
OD97PIrms4dSxVbdT1T7Bw,11/23/2019
OD97PIrms4dSxVbdT1T7Bw,11/24/2019
OD97PIrms4dSxVbdT1T7Bw,11/26/2019
OD97PIrms4dSxVbdT1T7Bw,11/27/2019
OD97PIrms4dSxVbdT1T7Bw,12/1/2019
OD97PIrms4dSxVbdT1T7Bw,12/6/2019
OD97PIrms4dSxVbdT1T7Bw,12/7/2019
OD97PIrms4dSxVbdT1T7Bw,12/17/2019
OD97PIrms4dSxVbdT1T7Bw,12/19/2019
KqHES_Rr8btKCdz4RmpR_Q,3/18/2020
KqHES_Rr8btKCdz4RmpR_Q,3/20/2020
KqHES_Rr8btKCdz4RmpR_Q,3/21/2020
KqHES_Rr8btKCdz4RmpR_Q,3/22/2020
KqHES_Rr8btKCdz4RmpR_Q,3/24/2020
KqHES_Rr8btKCdz4RmpR_Q,3/26/2020
KqHES_Rr8btKCdz4RmpR_Q,4/1/2020
KqHES_Rr8btKCdz4RmpR_Q,4/5/2020
KqHES_Rr8btKCdz4RmpR_Q,4/7/2020
r0JxdG5StcD8eiHF9u01ZQ,9/22/2018
r0JxdG5StcD8eiHF9u01ZQ,9/24/2018
r0JxdG5StcD8eiHF9u01ZQ,9/25/2018
r0JxdG5StcD8eiHF9u01ZQ,9/30/2018
r0JxdG5StcD8eiHF9u01ZQ,10/9/2018
r0JxdG5StcD8eiHF9u01ZQ,10/11/2018
r0JxdG5StcD8eiHF9u01ZQ,10/18/2018
r0JxdG5StcD8eiHF9u01ZQ,10/26/2018
r0JxdG5StcD8eiHF9u01ZQ,11/6/2018
r0JxdG5StcD8eiHF9u01ZQ,11/24/2018
r0JxdG5StcD8eiHF9u01ZQ,11/27/2018
r0JxdG5StcD8eiHF9u01ZQ,11/27/2018
r0JxdG5StcD8eiHF9u01ZQ,11/29/2018
eG-UO83g_5zDk70FIJbm2w,5/8/2006
eG-UO83g_5zDk70FIJbm2w,11/14/2006
eG-UO83g_5zDk70FIJbm2w,11/19/2006
eG-UO83g_5zDk70FIJbm2w,12/7/2006
eG-UO83g_5zDk70FIJbm2w,1/3/2007
eG-UO83g_5zDk70FIJbm2w,1/19/2007
eG-UO83g_5zDk70FIJbm2w,2/19/2007
eG-UO83g_5zDk70FIJbm2w,2/20/2007
eG-UO83g_5zDk70FIJbm2w,3/6/2007
eG-UO83g_5zDk70FIJbm2w,6/18/2007
eG-UO83g_5zDk70FIJbm2w,7/18/2007
eG-UO83g_5zDk70FIJbm2w,10/10/2007
eG-UO83g_5zDk70FIJbm2w,11/4/2007
eG-UO83g_5zDk70FIJbm2w,12/10/2007
eG-UO83g_5zDk70FIJbm2w,12/31/2007
eG-UO83g_5zDk70FIJbm2w,1/27/2008
eG-UO83g_5zDk70FIJbm2w,3/20/2008
eG-UO83g_5zDk70FIJbm2w,4/13/2008
eG-UO83g_5zDk70FIJbm2w,5/21/2008
uO4A77jXMPfZmlbf_52zRw,4/17/2013
uO4A77jXMPfZmlbf_52zRw,4/19/2013
uO4A77jXMPfZmlbf_52zRw,4/24/2013
uO4A77jXMPfZmlbf_52zRw,5/1/2013
uO4A77jXMPfZmlbf_52zRw,5/4/2013
uO4A77jXMPfZmlbf_52zRw,5/9/2013
uO4A77jXMPfZmlbf_52zRw,5/16/2013
uO4A77jXMPfZmlbf_52zRw,5/17/2013
uO4A77jXMPfZmlbf_52zRw,5/29/2013
uO4A77jXMPfZmlbf_52zRw,6/7/2013
uO4A77jXMPfZmlbf_52zRw,6/11/2013
uO4A77jXMPfZmlbf_52zRw,6/17/2013
uO4A77jXMPfZmlbf_52zRw,6/30/2013
uO4A77jXMPfZmlbf_52zRw,7/23/2013
u-4wti774tFcYRLuQrnHEg,9/10/2007
u-4wti774tFcYRLuQrnHEg,10/23/2007
u-4wti774tFcYRLuQrnHEg,11/11/2007
u-4wti774tFcYRLuQrnHEg,12/5/2007
u-4wti774tFcYRLuQrnHEg,12/28/2007
u-4wti774tFcYRLuQrnHEg,12/31/2007
u-4wti774tFcYRLuQrnHEg,1/23/2008
u-4wti774tFcYRLuQrnHEg,2/13/2008
u-4wti774tFcYRLuQrnHEg,3/4/2008
u-4wti774tFcYRLuQrnHEg,3/11/2008
u-4wti774tFcYRLuQrnHEg,4/10/2008
u-4wti774tFcYRLuQrnHEg,4/18/2008
u-4wti774tFcYRLuQrnHEg,6/18/2008
u-4wti774tFcYRLuQrnHEg,7/3/2008
u-4wti774tFcYRLuQrnHEg,8/22/2008
u-4wti774tFcYRLuQrnHEg,9/13/2008
u-4wti774tFcYRLuQrnHEg,10/15/2008
u-4wti774tFcYRLuQrnHEg,12/6/2008
u-4wti774tFcYRLuQrnHEg,2/10/2009
z9oCxeqOKp2QMfM24m7bUw,12/23/2015
z9oCxeqOKp2QMfM24m7bUw,12/25/2015
z9oCxeqOKp2QMfM24m7bUw,3/21/2016
z9oCxeqOKp2QMfM24m7bUw,4/14/2016
z9oCxeqOKp2QMfM24m7bUw,7/1/2016
z9oCxeqOKp2QMfM24m7bUw,7/18/2016
z9oCxeqOKp2QMfM24m7bUw,9/18/2016
z9oCxeqOKp2QMfM24m7bUw,9/19/2016
z9oCxeqOKp2QMfM24m7bUw,10/29/2016
z9oCxeqOKp2QMfM24m7bUw,11/22/2016
z9oCxeqOKp2QMfM24m7bUw,1/27/2017
z9oCxeqOKp2QMfM24m7bUw,2/3/2017
z9oCxeqOKp2QMfM24m7bUw,4/4/2017
z9oCxeqOKp2QMfM24m7bUw,4/23/2017
z9oCxeqOKp2QMfM24m7bUw,5/31/2017
z9oCxeqOKp2QMfM24m7bUw,6/21/2017
z9oCxeqOKp2QMfM24m7bUw,7/6/2017
z9oCxeqOKp2QMfM24m7bUw,8/12/2017
jx0yeEipLwhKDlwWcyGt9Q,7/5/2016
jx0yeEipLwhKDlwWcyGt9Q,7/6/2016
jx0yeEipLwhKDlwWcyGt9Q,7/7/2016
jx0yeEipLwhKDlwWcyGt9Q,7/10/2016
jx0yeEipLwhKDlwWcyGt9Q,7/11/2016
jx0yeEipLwhKDlwWcyGt9Q,7/15/2016
jx0yeEipLwhKDlwWcyGt9Q,7/21/2016
jx0yeEipLwhKDlwWcyGt9Q,7/26/2016
jx0yeEipLwhKDlwWcyGt9Q,8/2/2016
jx0yeEipLwhKDlwWcyGt9Q,8/12/2016
jx0yeEipLwhKDlwWcyGt9Q,8/19/2016
EmJOkTKIwgm7QJbls7hN3w,12/16/2012
EmJOkTKIwgm7QJbls7hN3w,12/25/2012
EmJOkTKIwgm7QJbls7hN3w,12/29/2012
EmJOkTKIwgm7QJbls7hN3w,1/8/2013
EmJOkTKIwgm7QJbls7hN3w,1/9/2013
EmJOkTKIwgm7QJbls7hN3w,1/16/2013
EmJOkTKIwgm7QJbls7hN3w,1/21/2013
EmJOkTKIwgm7QJbls7hN3w,2/4/2013
EmJOkTKIwgm7QJbls7hN3w,2/5/2013
EmJOkTKIwgm7QJbls7hN3w,2/19/2013
EmJOkTKIwgm7QJbls7hN3w,3/1/2013
EmJOkTKIwgm7QJbls7hN3w,3/13/2013
EmJOkTKIwgm7QJbls7hN3w,3/22/2013
EmJOkTKIwgm7QJbls7hN3w,3/25/2013
EmJOkTKIwgm7QJbls7hN3w,4/14/2013
EmJOkTKIwgm7QJbls7hN3w,5/7/2013
_IFMCrheTi12RqiR7jvJUg,5/26/2019
_IFMCrheTi12RqiR7jvJUg,5/27/2019
_IFMCrheTi12RqiR7jvJUg,5/28/2019
_IFMCrheTi12RqiR7jvJUg,5/29/2019
_IFMCrheTi12RqiR7jvJUg,5/30/2019
_IFMCrheTi12RqiR7jvJUg,5/31/2019
_IFMCrheTi12RqiR7jvJUg,6/1/2019
_IFMCrheTi12RqiR7jvJUg,6/2/2019
_IFMCrheTi12RqiR7jvJUg,6/5/2019
_IFMCrheTi12RqiR7jvJUg,6/8/2019
_IFMCrheTi12RqiR7jvJUg,6/9/2019
BSUDAiXd50PAkfFAztVpDw,10/8/2012
BSUDAiXd50PAkfFAztVpDw,10/12/2012
BSUDAiXd50PAkfFAztVpDw,10/15/2012
BSUDAiXd50PAkfFAztVpDw,10/26/2012
BSUDAiXd50PAkfFAztVpDw,11/8/2012
BSUDAiXd50PAkfFAztVpDw,11/14/2012
BSUDAiXd50PAkfFAztVpDw,12/13/2012
BSUDAiXd50PAkfFAztVpDw,1/19/2013
BSUDAiXd50PAkfFAztVpDw,2/6/2013
BSUDAiXd50PAkfFAztVpDw,3/5/2013
BSUDAiXd50PAkfFAztVpDw,4/2/2013
BSUDAiXd50PAkfFAztVpDw,4/23/2013
BSUDAiXd50PAkfFAztVpDw,5/7/2013
BSUDAiXd50PAkfFAztVpDw,7/25/2013
BSUDAiXd50PAkfFAztVpDw,8/2/2013
BSUDAiXd50PAkfFAztVpDw,8/24/2013
BSUDAiXd50PAkfFAztVpDw,9/4/2013
GJxFtnTqTiokFedNrW9iDQ,5/7/2014
GJxFtnTqTiokFedNrW9iDQ,5/16/2014
GJxFtnTqTiokFedNrW9iDQ,6/21/2014
GJxFtnTqTiokFedNrW9iDQ,9/21/2014
GJxFtnTqTiokFedNrW9iDQ,11/13/2014
GJxFtnTqTiokFedNrW9iDQ,12/8/2014
GJxFtnTqTiokFedNrW9iDQ,12/14/2014
GJxFtnTqTiokFedNrW9iDQ,1/18/2015
GJxFtnTqTiokFedNrW9iDQ,2/10/2015
GJxFtnTqTiokFedNrW9iDQ,3/22/2015
GJxFtnTqTiokFedNrW9iDQ,4/11/2015
GJxFtnTqTiokFedNrW9iDQ,5/10/2015
GJxFtnTqTiokFedNrW9iDQ,5/15/2015
GJxFtnTqTiokFedNrW9iDQ,5/31/2015
GJxFtnTqTiokFedNrW9iDQ,6/10/2015
GJxFtnTqTiokFedNrW9iDQ,6/28/2015
GJxFtnTqTiokFedNrW9iDQ,7/18/2015
GJxFtnTqTiokFedNrW9iDQ,8/6/2015
GJxFtnTqTiokFedNrW9iDQ,8/23/2015
GJxFtnTqTiokFedNrW9iDQ,9/2/2015
GJxFtnTqTiokFedNrW9iDQ,9/26/2015
GJxFtnTqTiokFedNrW9iDQ,10/24/2015
GJxFtnTqTiokFedNrW9iDQ,1/1/2016
JtIt-VshqofckWkbBG6cRA,9/28/2019
JtIt-VshqofckWkbBG6cRA,10/1/2019
JtIt-VshqofckWkbBG6cRA,10/2/2019
JtIt-VshqofckWkbBG6cRA,10/3/2019
JtIt-VshqofckWkbBG6cRA,10/4/2019
JtIt-VshqofckWkbBG6cRA,10/5/2019
JtIt-VshqofckWkbBG6cRA,10/10/2019
JtIt-VshqofckWkbBG6cRA,10/10/2019
JtIt-VshqofckWkbBG6cRA,10/16/2019
JtIt-VshqofckWkbBG6cRA,10/19/2019
5enPbMFK_ZAtoVzlU0dtFg,2/6/2020
5enPbMFK_ZAtoVzlU0dtFg,2/10/2020
5enPbMFK_ZAtoVzlU0dtFg,2/13/2020
5enPbMFK_ZAtoVzlU0dtFg,2/15/2020
5enPbMFK_ZAtoVzlU0dtFg,2/17/2020
vgUv079XkNbWOtBf3tYKnw,1/8/2013
vgUv079XkNbWOtBf3tYKnw,1/9/2013
vgUv079XkNbWOtBf3tYKnw,2/15/2013
vgUv079XkNbWOtBf3tYKnw,3/28/2013
vgUv079XkNbWOtBf3tYKnw,5/24/2013
vgUv079XkNbWOtBf3tYKnw,9/10/2013
vgUv079XkNbWOtBf3tYKnw,9/11/2013
vgUv079XkNbWOtBf3tYKnw,3/15/2014
vgUv079XkNbWOtBf3tYKnw,4/3/2014
SuA90sXOd6Jw9W_Bz6P1RA,4/29/2008
SuA90sXOd6Jw9W_Bz6P1RA,5/20/2008
SuA90sXOd6Jw9W_Bz6P1RA,5/23/2008
SuA90sXOd6Jw9W_Bz6P1RA,6/4/2008
SuA90sXOd6Jw9W_Bz6P1RA,6/23/2008
SuA90sXOd6Jw9W_Bz6P1RA,7/5/2008
SuA90sXOd6Jw9W_Bz6P1RA,7/7/2008
SuA90sXOd6Jw9W_Bz6P1RA,7/15/2008
SuA90sXOd6Jw9W_Bz6P1RA,7/19/2008
SuA90sXOd6Jw9W_Bz6P1RA,8/18/2008
SuA90sXOd6Jw9W_Bz6P1RA,8/21/2008
SuA90sXOd6Jw9W_Bz6P1RA,9/3/2008
SuA90sXOd6Jw9W_Bz6P1RA,9/16/2008
SuA90sXOd6Jw9W_Bz6P1RA,10/3/2008
SuA90sXOd6Jw9W_Bz6P1RA,10/30/2008
SuA90sXOd6Jw9W_Bz6P1RA,11/21/2008
SuA90sXOd6Jw9W_Bz6P1RA,12/17/2008
COgw5a3B_fwmN0BbZObJwg,2/16/2019
COgw5a3B_fwmN0BbZObJwg,2/17/2019
COgw5a3B_fwmN0BbZObJwg,2/18/2019
COgw5a3B_fwmN0BbZObJwg,2/19/2019
COgw5a3B_fwmN0BbZObJwg,2/22/2019
COgw5a3B_fwmN0BbZObJwg,2/24/2019
COgw5a3B_fwmN0BbZObJwg,3/1/2019
COgw5a3B_fwmN0BbZObJwg,3/6/2019
COgw5a3B_fwmN0BbZObJwg,3/13/2019
COgw5a3B_fwmN0BbZObJwg,3/15/2019
jbKI2uM4nrRIlBT2sMX3MQ,4/20/2011
jbKI2uM4nrRIlBT2sMX3MQ,4/21/2011
jbKI2uM4nrRIlBT2sMX3MQ,4/23/2011
jbKI2uM4nrRIlBT2sMX3MQ,4/26/2011
jbKI2uM4nrRIlBT2sMX3MQ,4/30/2011
jbKI2uM4nrRIlBT2sMX3MQ,5/2/2011
Jn-F5K1Ow_zaC0Sps7NC1Q,5/4/2017
Jn-F5K1Ow_zaC0Sps7NC1Q,5/5/2017
Jn-F5K1Ow_zaC0Sps7NC1Q,5/6/2017
Jn-F5K1Ow_zaC0Sps7NC1Q,5/9/2017
Jn-F5K1Ow_zaC0Sps7NC1Q,5/10/2017
Jn-F5K1Ow_zaC0Sps7NC1Q,5/11/2017
Jn-F5K1Ow_zaC0Sps7NC1Q,5/12/2017
Jn-F5K1Ow_zaC0Sps7NC1Q,5/14/2017
Jn-F5K1Ow_zaC0Sps7NC1Q,5/15/2017
Jn-F5K1Ow_zaC0Sps7NC1Q,5/16/2017
Jn-F5K1Ow_zaC0Sps7NC1Q,5/19/2017
Jn-F5K1Ow_zaC0Sps7NC1Q,5/21/2017
Jn-F5K1Ow_zaC0Sps7NC1Q,5/23/2017
Jn-F5K1Ow_zaC0Sps7NC1Q,5/26/2017
Jn-F5K1Ow_zaC0Sps7NC1Q,5/29/2017
LyizNBLFLB4Qkx_0_8_BaQ,9/16/2010
LyizNBLFLB4Qkx_0_8_BaQ,9/19/2010
LyizNBLFLB4Qkx_0_8_BaQ,9/20/2010
LyizNBLFLB4Qkx_0_8_BaQ,9/22/2010
LyizNBLFLB4Qkx_0_8_BaQ,9/23/2010
LyizNBLFLB4Qkx_0_8_BaQ,10/8/2010
LyizNBLFLB4Qkx_0_8_BaQ,10/15/2010
LyizNBLFLB4Qkx_0_8_BaQ,10/17/2010
LyizNBLFLB4Qkx_0_8_BaQ,10/30/2010
LyizNBLFLB4Qkx_0_8_BaQ,11/30/2010
LyizNBLFLB4Qkx_0_8_BaQ,12/20/2010
LyizNBLFLB4Qkx_0_8_BaQ,1/5/2011
LyizNBLFLB4Qkx_0_8_BaQ,3/3/2011
S9NvWyHUPsuYK7ObMV43pA,6/23/2008
S9NvWyHUPsuYK7ObMV43pA,7/5/2008
S9NvWyHUPsuYK7ObMV43pA,10/13/2008
S9NvWyHUPsuYK7ObMV43pA,11/21/2008
S9NvWyHUPsuYK7ObMV43pA,11/30/2008
S9NvWyHUPsuYK7ObMV43pA,12/3/2008
S9NvWyHUPsuYK7ObMV43pA,12/9/2008
S9NvWyHUPsuYK7ObMV43pA,12/17/2008
S9NvWyHUPsuYK7ObMV43pA,3/23/2009
S9NvWyHUPsuYK7ObMV43pA,4/13/2009
S9NvWyHUPsuYK7ObMV43pA,5/24/2009
S9NvWyHUPsuYK7ObMV43pA,7/20/2009
S9NvWyHUPsuYK7ObMV43pA,10/3/2009
S9NvWyHUPsuYK7ObMV43pA,11/5/2009
S9NvWyHUPsuYK7ObMV43pA,11/20/2009
S9NvWyHUPsuYK7ObMV43pA,1/29/2010
v3Bj4U3WMuol_VLJLQpvRQ,8/12/2014
v3Bj4U3WMuol_VLJLQpvRQ,8/28/2014
v3Bj4U3WMuol_VLJLQpvRQ,9/10/2014
v3Bj4U3WMuol_VLJLQpvRQ,9/11/2014
v3Bj4U3WMuol_VLJLQpvRQ,3/27/2015
v3Bj4U3WMuol_VLJLQpvRQ,4/8/2015
v3Bj4U3WMuol_VLJLQpvRQ,6/2/2015
v3Bj4U3WMuol_VLJLQpvRQ,9/24/2015
v3Bj4U3WMuol_VLJLQpvRQ,11/13/2015
v3Bj4U3WMuol_VLJLQpvRQ,11/19/2015
v3Bj4U3WMuol_VLJLQpvRQ,12/9/2015
v3Bj4U3WMuol_VLJLQpvRQ,1/15/2016
v3Bj4U3WMuol_VLJLQpvRQ,2/2/2016
v3Bj4U3WMuol_VLJLQpvRQ,2/5/2016
ApwmEiStq9aP9-Tf2xfVtA,8/20/2015
ApwmEiStq9aP9-Tf2xfVtA,8/21/2015
ApwmEiStq9aP9-Tf2xfVtA,8/22/2015
ApwmEiStq9aP9-Tf2xfVtA,8/23/2015
ApwmEiStq9aP9-Tf2xfVtA,8/24/2015
ApwmEiStq9aP9-Tf2xfVtA,8/25/2015
ApwmEiStq9aP9-Tf2xfVtA,8/26/2015
ApwmEiStq9aP9-Tf2xfVtA,8/30/2015
ApwmEiStq9aP9-Tf2xfVtA,9/5/2015
ApwmEiStq9aP9-Tf2xfVtA,9/6/2015
ApwmEiStq9aP9-Tf2xfVtA,9/8/2015
1q3u0GmFKRKPV_ikCiCbUw,4/9/2013
1q3u0GmFKRKPV_ikCiCbUw,5/8/2013
1q3u0GmFKRKPV_ikCiCbUw,5/14/2013
1q3u0GmFKRKPV_ikCiCbUw,5/15/2013
1q3u0GmFKRKPV_ikCiCbUw,5/17/2013
1q3u0GmFKRKPV_ikCiCbUw,5/21/2013
1q3u0GmFKRKPV_ikCiCbUw,5/22/2013
1q3u0GmFKRKPV_ikCiCbUw,5/24/2013
1q3u0GmFKRKPV_ikCiCbUw,5/26/2013
1q3u0GmFKRKPV_ikCiCbUw,5/28/2013
1q3u0GmFKRKPV_ikCiCbUw,6/3/2013
1q3u0GmFKRKPV_ikCiCbUw,6/12/2013
1q3u0GmFKRKPV_ikCiCbUw,6/21/2013
1q3u0GmFKRKPV_ikCiCbUw,6/27/2013
1q3u0GmFKRKPV_ikCiCbUw,7/7/2013
1q3u0GmFKRKPV_ikCiCbUw,7/30/2013
1q3u0GmFKRKPV_ikCiCbUw,8/8/2013
1VAX8KygRWcloSuv5x5o5A,2/19/2015
1VAX8KygRWcloSuv5x5o5A,3/6/2015
1VAX8KygRWcloSuv5x5o5A,5/6/2015
1VAX8KygRWcloSuv5x5o5A,10/4/2015
1VAX8KygRWcloSuv5x5o5A,10/6/2015
1VAX8KygRWcloSuv5x5o5A,11/10/2015
1VAX8KygRWcloSuv5x5o5A,11/24/2015
1VAX8KygRWcloSuv5x5o5A,12/15/2015
1VAX8KygRWcloSuv5x5o5A,2/24/2016
1VAX8KygRWcloSuv5x5o5A,7/6/2016
1VAX8KygRWcloSuv5x5o5A,10/1/2016
1VAX8KygRWcloSuv5x5o5A,10/13/2016
1VAX8KygRWcloSuv5x5o5A,11/18/2016
1VAX8KygRWcloSuv5x5o5A,1/16/2017
1VAX8KygRWcloSuv5x5o5A,2/19/2017
Z2qMwUhnGt_2pA9uQbS7Uw,6/22/2006
Z2qMwUhnGt_2pA9uQbS7Uw,11/3/2006
Z2qMwUhnGt_2pA9uQbS7Uw,12/15/2006
Z2qMwUhnGt_2pA9uQbS7Uw,1/3/2007
Z2qMwUhnGt_2pA9uQbS7Uw,1/8/2007
Z2qMwUhnGt_2pA9uQbS7Uw,1/10/2007
Z2qMwUhnGt_2pA9uQbS7Uw,1/15/2007
Z2qMwUhnGt_2pA9uQbS7Uw,2/20/2007
Z2qMwUhnGt_2pA9uQbS7Uw,6/4/2007
Z2qMwUhnGt_2pA9uQbS7Uw,7/23/2007
Z2qMwUhnGt_2pA9uQbS7Uw,9/23/2007
Z2qMwUhnGt_2pA9uQbS7Uw,12/30/2007
Z2qMwUhnGt_2pA9uQbS7Uw,1/17/2008
Z2qMwUhnGt_2pA9uQbS7Uw,2/13/2008
JfgsCMKJOCMg1O2iK4ObWA,2/18/2011
JfgsCMKJOCMg1O2iK4ObWA,2/19/2011
JfgsCMKJOCMg1O2iK4ObWA,2/26/2011
JfgsCMKJOCMg1O2iK4ObWA,3/9/2011
JfgsCMKJOCMg1O2iK4ObWA,3/11/2011
JfgsCMKJOCMg1O2iK4ObWA,3/14/2011
JfgsCMKJOCMg1O2iK4ObWA,3/25/2011
JfgsCMKJOCMg1O2iK4ObWA,4/1/2011
JfgsCMKJOCMg1O2iK4ObWA,4/8/2011
JfgsCMKJOCMg1O2iK4ObWA,4/21/2011
JfgsCMKJOCMg1O2iK4ObWA,4/27/2011
JfgsCMKJOCMg1O2iK4ObWA,5/6/2011
JfgsCMKJOCMg1O2iK4ObWA,5/19/2011
JfgsCMKJOCMg1O2iK4ObWA,5/25/2011
bAybZImsqUwinMrzZlzVIQ,6/28/2014
bAybZImsqUwinMrzZlzVIQ,6/30/2014
bAybZImsqUwinMrzZlzVIQ,7/2/2014
bAybZImsqUwinMrzZlzVIQ,7/3/2014
bAybZImsqUwinMrzZlzVIQ,7/5/2014
bAybZImsqUwinMrzZlzVIQ,7/6/2014
bAybZImsqUwinMrzZlzVIQ,7/10/2014
bAybZImsqUwinMrzZlzVIQ,7/11/2014
bAybZImsqUwinMrzZlzVIQ,7/13/2014
bAybZImsqUwinMrzZlzVIQ,7/14/2014
bAybZImsqUwinMrzZlzVIQ,7/19/2014
bAybZImsqUwinMrzZlzVIQ,7/21/2014
bAybZImsqUwinMrzZlzVIQ,7/23/2014
bAybZImsqUwinMrzZlzVIQ,7/24/2014
bAybZImsqUwinMrzZlzVIQ,8/1/2014
V86AJK3xytBv2C0bwi9_Ow,2/21/2010
V86AJK3xytBv2C0bwi9_Ow,6/17/2010
V86AJK3xytBv2C0bwi9_Ow,9/10/2010
V86AJK3xytBv2C0bwi9_Ow,1/2/2011
V86AJK3xytBv2C0bwi9_Ow,2/15/2011
V86AJK3xytBv2C0bwi9_Ow,2/24/2011
V86AJK3xytBv2C0bwi9_Ow,3/20/2011
V86AJK3xytBv2C0bwi9_Ow,3/31/2011
V86AJK3xytBv2C0bwi9_Ow,4/22/2011
V86AJK3xytBv2C0bwi9_Ow,9/19/2011
CxQ1m2iY4wQpXC64tSfWgQ,9/29/2009
CxQ1m2iY4wQpXC64tSfWgQ,10/1/2009
CxQ1m2iY4wQpXC64tSfWgQ,10/2/2009
CxQ1m2iY4wQpXC64tSfWgQ,10/3/2009
CxQ1m2iY4wQpXC64tSfWgQ,10/4/2009
CxQ1m2iY4wQpXC64tSfWgQ,10/5/2009
CxQ1m2iY4wQpXC64tSfWgQ,10/6/2009
CxQ1m2iY4wQpXC64tSfWgQ,10/7/2009
CxQ1m2iY4wQpXC64tSfWgQ,10/9/2009
CxQ1m2iY4wQpXC64tSfWgQ,10/12/2009
CxQ1m2iY4wQpXC64tSfWgQ,10/17/2009
CxQ1m2iY4wQpXC64tSfWgQ,10/19/2009
CxQ1m2iY4wQpXC64tSfWgQ,10/26/2009
CxQ1m2iY4wQpXC64tSfWgQ,11/1/2009
Slj9yz_RfDRqiMRH8VxUMQ,9/3/2016
Slj9yz_RfDRqiMRH8VxUMQ,9/6/2016
Slj9yz_RfDRqiMRH8VxUMQ,9/10/2016
Slj9yz_RfDRqiMRH8VxUMQ,9/17/2016
Slj9yz_RfDRqiMRH8VxUMQ,9/21/2016
Slj9yz_RfDRqiMRH8VxUMQ,9/23/2016
Slj9yz_RfDRqiMRH8VxUMQ,9/28/2016
Slj9yz_RfDRqiMRH8VxUMQ,9/30/2016
Slj9yz_RfDRqiMRH8VxUMQ,10/3/2016
Slj9yz_RfDRqiMRH8VxUMQ,10/7/2016
Slj9yz_RfDRqiMRH8VxUMQ,10/9/2016
Slj9yz_RfDRqiMRH8VxUMQ,10/16/2016
Slj9yz_RfDRqiMRH8VxUMQ,10/27/2016
Slj9yz_RfDRqiMRH8VxUMQ,11/12/2016
Slj9yz_RfDRqiMRH8VxUMQ,11/22/2016
bSmQbw5A-WA0TtmFc1NTpQ,5/20/2015
bSmQbw5A-WA0TtmFc1NTpQ,7/14/2015
bSmQbw5A-WA0TtmFc1NTpQ,8/1/2015
bSmQbw5A-WA0TtmFc1NTpQ,8/4/2015
bSmQbw5A-WA0TtmFc1NTpQ,8/5/2015
bSmQbw5A-WA0TtmFc1NTpQ,8/8/2015
bSmQbw5A-WA0TtmFc1NTpQ,8/12/2015
bSmQbw5A-WA0TtmFc1NTpQ,8/20/2015
bSmQbw5A-WA0TtmFc1NTpQ,8/31/2015
bSmQbw5A-WA0TtmFc1NTpQ,11/16/2015
bSmQbw5A-WA0TtmFc1NTpQ,2/27/2016
bSmQbw5A-WA0TtmFc1NTpQ,4/29/2016
bSmQbw5A-WA0TtmFc1NTpQ,5/16/2016
bSmQbw5A-WA0TtmFc1NTpQ,6/21/2016
bSmQbw5A-WA0TtmFc1NTpQ,6/23/2016
TA1KUSCu8GkWP9w0rmElxw,12/3/2008
TA1KUSCu8GkWP9w0rmElxw,12/4/2008
TA1KUSCu8GkWP9w0rmElxw,12/7/2008
TA1KUSCu8GkWP9w0rmElxw,12/8/2008
TA1KUSCu8GkWP9w0rmElxw,12/9/2008
TA1KUSCu8GkWP9w0rmElxw,12/11/2008
TA1KUSCu8GkWP9w0rmElxw,12/12/2008
TA1KUSCu8GkWP9w0rmElxw,12/13/2008
TA1KUSCu8GkWP9w0rmElxw,12/18/2008
TA1KUSCu8GkWP9w0rmElxw,12/19/2008
TA1KUSCu8GkWP9w0rmElxw,12/23/2008
TA1KUSCu8GkWP9w0rmElxw,12/30/2008
TA1KUSCu8GkWP9w0rmElxw,1/5/2009
5Z0M3VkIccVWVKsXDwUgoQ,3/24/2019
5Z0M3VkIccVWVKsXDwUgoQ,4/1/2019
5Z0M3VkIccVWVKsXDwUgoQ,4/2/2019
5Z0M3VkIccVWVKsXDwUgoQ,4/5/2019
5Z0M3VkIccVWVKsXDwUgoQ,4/6/2019
5Z0M3VkIccVWVKsXDwUgoQ,4/8/2019
5Z0M3VkIccVWVKsXDwUgoQ,4/15/2019
5Z0M3VkIccVWVKsXDwUgoQ,4/18/2019
5Z0M3VkIccVWVKsXDwUgoQ,4/20/2019
5Z0M3VkIccVWVKsXDwUgoQ,5/8/2019
5Z0M3VkIccVWVKsXDwUgoQ,5/17/2019
5Z0M3VkIccVWVKsXDwUgoQ,5/22/2019
5Z0M3VkIccVWVKsXDwUgoQ,6/2/2019
dfL1KYHtcs6YaFVx-nZTdQ,4/11/2017
dfL1KYHtcs6YaFVx-nZTdQ,4/12/2017
dfL1KYHtcs6YaFVx-nZTdQ,4/13/2017
dfL1KYHtcs6YaFVx-nZTdQ,4/20/2017
dfL1KYHtcs6YaFVx-nZTdQ,4/23/2017
dfL1KYHtcs6YaFVx-nZTdQ,4/27/2017
dfL1KYHtcs6YaFVx-nZTdQ,4/29/2017
dfL1KYHtcs6YaFVx-nZTdQ,5/4/2017
dfL1KYHtcs6YaFVx-nZTdQ,5/11/2017
dfL1KYHtcs6YaFVx-nZTdQ,5/19/2017
dfL1KYHtcs6YaFVx-nZTdQ,5/23/2017
dfL1KYHtcs6YaFVx-nZTdQ,6/6/2017
dfL1KYHtcs6YaFVx-nZTdQ,6/10/2017
hVL_gLKPoCTMlS5Pux_XWg,3/2/2013
hVL_gLKPoCTMlS5Pux_XWg,3/3/2013
hVL_gLKPoCTMlS5Pux_XWg,3/7/2013
hVL_gLKPoCTMlS5Pux_XWg,3/8/2013
hVL_gLKPoCTMlS5Pux_XWg,3/9/2013
hVL_gLKPoCTMlS5Pux_XWg,3/11/2013
hVL_gLKPoCTMlS5Pux_XWg,3/12/2013
hVL_gLKPoCTMlS5Pux_XWg,3/19/2013
hVL_gLKPoCTMlS5Pux_XWg,3/21/2013
hVL_gLKPoCTMlS5Pux_XWg,3/24/2013
hVL_gLKPoCTMlS5Pux_XWg,3/27/2013
ALYQ-uM_uMkKbkXlhWcgbQ,2/3/2006
ALYQ-uM_uMkKbkXlhWcgbQ,4/5/2006
ALYQ-uM_uMkKbkXlhWcgbQ,8/25/2006
ALYQ-uM_uMkKbkXlhWcgbQ,10/15/2006
ALYQ-uM_uMkKbkXlhWcgbQ,10/16/2006
ALYQ-uM_uMkKbkXlhWcgbQ,10/29/2006
ALYQ-uM_uMkKbkXlhWcgbQ,10/30/2006
ALYQ-uM_uMkKbkXlhWcgbQ,10/31/2006
ALYQ-uM_uMkKbkXlhWcgbQ,1/4/2007
ALYQ-uM_uMkKbkXlhWcgbQ,1/13/2007
ALYQ-uM_uMkKbkXlhWcgbQ,1/22/2007
ALYQ-uM_uMkKbkXlhWcgbQ,2/7/2007
ALYQ-uM_uMkKbkXlhWcgbQ,3/28/2007
ALYQ-uM_uMkKbkXlhWcgbQ,4/13/2007
ALYQ-uM_uMkKbkXlhWcgbQ,5/15/2007
ALYQ-uM_uMkKbkXlhWcgbQ,6/6/2007
K10Bdyt8gtwXNOoj87ZvuQ,6/2/2013
K10Bdyt8gtwXNOoj87ZvuQ,6/3/2013
K10Bdyt8gtwXNOoj87ZvuQ,6/8/2013
K10Bdyt8gtwXNOoj87ZvuQ,6/12/2013
K10Bdyt8gtwXNOoj87ZvuQ,6/13/2013
K10Bdyt8gtwXNOoj87ZvuQ,6/19/2013
K10Bdyt8gtwXNOoj87ZvuQ,6/22/2013
K10Bdyt8gtwXNOoj87ZvuQ,6/27/2013
K10Bdyt8gtwXNOoj87ZvuQ,7/7/2013
K10Bdyt8gtwXNOoj87ZvuQ,7/9/2013
K10Bdyt8gtwXNOoj87ZvuQ,7/20/2013
K10Bdyt8gtwXNOoj87ZvuQ,7/31/2013
K10Bdyt8gtwXNOoj87ZvuQ,8/16/2013
vFulipMlcFyN60_SyAhjyA,12/19/2014
vFulipMlcFyN60_SyAhjyA,12/23/2014
vFulipMlcFyN60_SyAhjyA,12/27/2014
vFulipMlcFyN60_SyAhjyA,12/28/2014
vFulipMlcFyN60_SyAhjyA,12/29/2014
vFulipMlcFyN60_SyAhjyA,12/30/2014
vFulipMlcFyN60_SyAhjyA,1/1/2015
vFulipMlcFyN60_SyAhjyA,1/8/2015
vFulipMlcFyN60_SyAhjyA,1/16/2015
vFulipMlcFyN60_SyAhjyA,1/21/2015
vFulipMlcFyN60_SyAhjyA,1/30/2015
vFulipMlcFyN60_SyAhjyA,2/21/2015
vFulipMlcFyN60_SyAhjyA,3/13/2015
DTALvZKBJH8XVAKfcQseYQ,6/25/2016
DTALvZKBJH8XVAKfcQseYQ,6/26/2016
DTALvZKBJH8XVAKfcQseYQ,6/27/2016
DTALvZKBJH8XVAKfcQseYQ,6/29/2016
DTALvZKBJH8XVAKfcQseYQ,6/30/2016
DTALvZKBJH8XVAKfcQseYQ,7/4/2016
DTALvZKBJH8XVAKfcQseYQ,7/8/2016
DTALvZKBJH8XVAKfcQseYQ,7/15/2016
DTALvZKBJH8XVAKfcQseYQ,7/16/2016
DTALvZKBJH8XVAKfcQseYQ,7/17/2016
DTALvZKBJH8XVAKfcQseYQ,7/23/2016
DTALvZKBJH8XVAKfcQseYQ,7/27/2016
DTALvZKBJH8XVAKfcQseYQ,8/6/2016
DTALvZKBJH8XVAKfcQseYQ,8/22/2016
14nIlMhxTXWnJg0Glrr-PQ,4/21/2006
14nIlMhxTXWnJg0Glrr-PQ,1/24/2007
14nIlMhxTXWnJg0Glrr-PQ,3/12/2007
14nIlMhxTXWnJg0Glrr-PQ,5/5/2007
14nIlMhxTXWnJg0Glrr-PQ,8/29/2007
14nIlMhxTXWnJg0Glrr-PQ,9/13/2007
14nIlMhxTXWnJg0Glrr-PQ,10/3/2007
14nIlMhxTXWnJg0Glrr-PQ,10/9/2007
14nIlMhxTXWnJg0Glrr-PQ,10/31/2007
14nIlMhxTXWnJg0Glrr-PQ,1/25/2008
14nIlMhxTXWnJg0Glrr-PQ,1/30/2008
14nIlMhxTXWnJg0Glrr-PQ,6/23/2008
14nIlMhxTXWnJg0Glrr-PQ,9/6/2008
oGshUJhbJsjsnaQZXJaDNA,11/24/2006
oGshUJhbJsjsnaQZXJaDNA,1/10/2007
oGshUJhbJsjsnaQZXJaDNA,2/2/2007
oGshUJhbJsjsnaQZXJaDNA,2/20/2007
oGshUJhbJsjsnaQZXJaDNA,5/19/2007
oGshUJhbJsjsnaQZXJaDNA,7/15/2007
oGshUJhbJsjsnaQZXJaDNA,10/19/2007
oGshUJhbJsjsnaQZXJaDNA,10/23/2007
oGshUJhbJsjsnaQZXJaDNA,11/23/2007
oGshUJhbJsjsnaQZXJaDNA,6/13/2008
oGshUJhbJsjsnaQZXJaDNA,10/8/2008
oGshUJhbJsjsnaQZXJaDNA,1/30/2009
oGshUJhbJsjsnaQZXJaDNA,2/12/2009
g9YfGaCb49yrLb7FpD9A7g,1/30/2007
g9YfGaCb49yrLb7FpD9A7g,7/25/2008
g9YfGaCb49yrLb7FpD9A7g,2/14/2009
g9YfGaCb49yrLb7FpD9A7g,5/11/2009
g9YfGaCb49yrLb7FpD9A7g,9/2/2009
g9YfGaCb49yrLb7FpD9A7g,10/24/2009
g9YfGaCb49yrLb7FpD9A7g,11/13/2009
g9YfGaCb49yrLb7FpD9A7g,12/17/2009
g9YfGaCb49yrLb7FpD9A7g,3/14/2010
g9YfGaCb49yrLb7FpD9A7g,6/28/2010
g9YfGaCb49yrLb7FpD9A7g,8/1/2010
g9YfGaCb49yrLb7FpD9A7g,8/9/2010
ZdEohT36LcY3eKh4fJMGRQ,12/11/2006
ZdEohT36LcY3eKh4fJMGRQ,8/20/2007
ZdEohT36LcY3eKh4fJMGRQ,10/1/2007
ZdEohT36LcY3eKh4fJMGRQ,3/5/2008
ZdEohT36LcY3eKh4fJMGRQ,3/9/2008
ZdEohT36LcY3eKh4fJMGRQ,3/30/2008
ZdEohT36LcY3eKh4fJMGRQ,4/15/2008
ZdEohT36LcY3eKh4fJMGRQ,4/18/2008
ZdEohT36LcY3eKh4fJMGRQ,5/15/2008
ZdEohT36LcY3eKh4fJMGRQ,8/6/2008
ZdEohT36LcY3eKh4fJMGRQ,9/16/2008
ZdEohT36LcY3eKh4fJMGRQ,11/9/2008
ZdEohT36LcY3eKh4fJMGRQ,1/17/2009
ZdEohT36LcY3eKh4fJMGRQ,2/1/2009
qJAoMZ773AMxN3ewp8cbQA,8/14/2013
qJAoMZ773AMxN3ewp8cbQA,10/19/2013
qJAoMZ773AMxN3ewp8cbQA,1/19/2014
qJAoMZ773AMxN3ewp8cbQA,1/27/2014
qJAoMZ773AMxN3ewp8cbQA,2/10/2014
qJAoMZ773AMxN3ewp8cbQA,2/24/2014
qJAoMZ773AMxN3ewp8cbQA,3/4/2014
qJAoMZ773AMxN3ewp8cbQA,3/7/2014
qJAoMZ773AMxN3ewp8cbQA,3/23/2014
qJAoMZ773AMxN3ewp8cbQA,4/21/2014
qJAoMZ773AMxN3ewp8cbQA,5/3/2014
qJAoMZ773AMxN3ewp8cbQA,6/2/2014
qJAoMZ773AMxN3ewp8cbQA,7/1/2014
qJAoMZ773AMxN3ewp8cbQA,7/19/2014
qJAoMZ773AMxN3ewp8cbQA,8/3/2014
9XUI9R55hL5Jb8IVeArs5g,5/1/2015
9XUI9R55hL5Jb8IVeArs5g,5/4/2015
9XUI9R55hL5Jb8IVeArs5g,5/7/2015
9XUI9R55hL5Jb8IVeArs5g,5/10/2015
9XUI9R55hL5Jb8IVeArs5g,5/13/2015
9XUI9R55hL5Jb8IVeArs5g,5/15/2015
9XUI9R55hL5Jb8IVeArs5g,5/16/2015
9XUI9R55hL5Jb8IVeArs5g,5/18/2015
9XUI9R55hL5Jb8IVeArs5g,5/19/2015
9XUI9R55hL5Jb8IVeArs5g,5/24/2015
9XUI9R55hL5Jb8IVeArs5g,5/26/2015
57d0Gmx4JKuKQWyJYu0yfg,7/27/2017
57d0Gmx4JKuKQWyJYu0yfg,7/28/2017
57d0Gmx4JKuKQWyJYu0yfg,7/30/2017
57d0Gmx4JKuKQWyJYu0yfg,7/31/2017
57d0Gmx4JKuKQWyJYu0yfg,8/1/2017
57d0Gmx4JKuKQWyJYu0yfg,8/4/2017
57d0Gmx4JKuKQWyJYu0yfg,8/5/2017
57d0Gmx4JKuKQWyJYu0yfg,8/6/2017
57d0Gmx4JKuKQWyJYu0yfg,8/8/2017
57d0Gmx4JKuKQWyJYu0yfg,8/9/2017
57d0Gmx4JKuKQWyJYu0yfg,8/14/2017
57d0Gmx4JKuKQWyJYu0yfg,8/17/2017
57d0Gmx4JKuKQWyJYu0yfg,8/22/2017
eMJGDVzTH7mbGNWIfz6jcQ,4/14/2006
eMJGDVzTH7mbGNWIfz6jcQ,5/21/2007
eMJGDVzTH7mbGNWIfz6jcQ,8/24/2007
eMJGDVzTH7mbGNWIfz6jcQ,8/29/2007
eMJGDVzTH7mbGNWIfz6jcQ,9/15/2007
eMJGDVzTH7mbGNWIfz6jcQ,12/30/2007
eMJGDVzTH7mbGNWIfz6jcQ,1/4/2008
eMJGDVzTH7mbGNWIfz6jcQ,1/17/2008
eMJGDVzTH7mbGNWIfz6jcQ,2/29/2008
eMJGDVzTH7mbGNWIfz6jcQ,5/12/2008
eMJGDVzTH7mbGNWIfz6jcQ,6/15/2008
eMJGDVzTH7mbGNWIfz6jcQ,8/3/2008
eMJGDVzTH7mbGNWIfz6jcQ,9/10/2008
eMJGDVzTH7mbGNWIfz6jcQ,12/7/2008
9VWaP_2svx5SYdAisNkRYQ,1/23/2019
9VWaP_2svx5SYdAisNkRYQ,1/26/2019
9VWaP_2svx5SYdAisNkRYQ,1/31/2019
9VWaP_2svx5SYdAisNkRYQ,2/2/2019
9VWaP_2svx5SYdAisNkRYQ,2/4/2019
9VWaP_2svx5SYdAisNkRYQ,2/5/2019
9VWaP_2svx5SYdAisNkRYQ,2/8/2019
9VWaP_2svx5SYdAisNkRYQ,2/9/2019
9VWaP_2svx5SYdAisNkRYQ,2/10/2019
9VWaP_2svx5SYdAisNkRYQ,2/16/2019
9VWaP_2svx5SYdAisNkRYQ,2/19/2019
vQgMPq9_YttFX6nau6PomA,1/25/2020
vQgMPq9_YttFX6nau6PomA,1/26/2020
vQgMPq9_YttFX6nau6PomA,1/27/2020
vQgMPq9_YttFX6nau6PomA,1/28/2020
vQgMPq9_YttFX6nau6PomA,1/29/2020
vQgMPq9_YttFX6nau6PomA,1/31/2020
7895YHS5qGu03R-C6aYg9g,5/28/2012
7895YHS5qGu03R-C6aYg9g,5/29/2012
7895YHS5qGu03R-C6aYg9g,6/1/2012
7895YHS5qGu03R-C6aYg9g,6/3/2012
7895YHS5qGu03R-C6aYg9g,6/4/2012
7895YHS5qGu03R-C6aYg9g,6/5/2012
7895YHS5qGu03R-C6aYg9g,6/8/2012
7895YHS5qGu03R-C6aYg9g,6/9/2012
7895YHS5qGu03R-C6aYg9g,6/11/2012
7895YHS5qGu03R-C6aYg9g,6/12/2012
7895YHS5qGu03R-C6aYg9g,6/14/2012
7895YHS5qGu03R-C6aYg9g,6/17/2012
7895YHS5qGu03R-C6aYg9g,6/20/2012
0qJXSTFBnNoh5lMD3LgE0Q,5/1/2006
0qJXSTFBnNoh5lMD3LgE0Q,10/11/2006
0qJXSTFBnNoh5lMD3LgE0Q,5/2/2007
0qJXSTFBnNoh5lMD3LgE0Q,9/9/2007
0qJXSTFBnNoh5lMD3LgE0Q,10/11/2007
0qJXSTFBnNoh5lMD3LgE0Q,10/13/2007
0qJXSTFBnNoh5lMD3LgE0Q,11/12/2007
0qJXSTFBnNoh5lMD3LgE0Q,11/13/2007
0qJXSTFBnNoh5lMD3LgE0Q,11/18/2007
0qJXSTFBnNoh5lMD3LgE0Q,1/20/2008
0qJXSTFBnNoh5lMD3LgE0Q,2/29/2008
0qJXSTFBnNoh5lMD3LgE0Q,4/15/2008
0qJXSTFBnNoh5lMD3LgE0Q,4/30/2008
0qJXSTFBnNoh5lMD3LgE0Q,5/24/2008
KD3vnYvuHpfC_sYeWkgUTA,11/26/2016
KD3vnYvuHpfC_sYeWkgUTA,12/1/2016
KD3vnYvuHpfC_sYeWkgUTA,12/3/2016
KD3vnYvuHpfC_sYeWkgUTA,12/4/2016
KD3vnYvuHpfC_sYeWkgUTA,12/5/2016
KD3vnYvuHpfC_sYeWkgUTA,12/7/2016
KD3vnYvuHpfC_sYeWkgUTA,12/17/2016
KD3vnYvuHpfC_sYeWkgUTA,12/20/2016
KD3vnYvuHpfC_sYeWkgUTA,12/26/2016
KD3vnYvuHpfC_sYeWkgUTA,12/28/2016
KD3vnYvuHpfC_sYeWkgUTA,12/31/2016
KD3vnYvuHpfC_sYeWkgUTA,1/10/2017
WpC8T9oazzH7A7yR5e56Vg,10/30/2014
WpC8T9oazzH7A7yR5e56Vg,10/31/2014
WpC8T9oazzH7A7yR5e56Vg,11/2/2014
WpC8T9oazzH7A7yR5e56Vg,11/3/2014
WpC8T9oazzH7A7yR5e56Vg,11/4/2014
WpC8T9oazzH7A7yR5e56Vg,11/7/2014
WpC8T9oazzH7A7yR5e56Vg,11/11/2014
WpC8T9oazzH7A7yR5e56Vg,11/13/2014
WpC8T9oazzH7A7yR5e56Vg,11/20/2014
WpC8T9oazzH7A7yR5e56Vg,12/1/2014
WpC8T9oazzH7A7yR5e56Vg,12/4/2014
GgwjulR_-ik36RnEr_MVug,4/1/2016
GgwjulR_-ik36RnEr_MVug,4/3/2016
GgwjulR_-ik36RnEr_MVug,4/4/2016
GgwjulR_-ik36RnEr_MVug,4/5/2016
GgwjulR_-ik36RnEr_MVug,4/7/2016
GgwjulR_-ik36RnEr_MVug,4/8/2016
GgwjulR_-ik36RnEr_MVug,4/16/2016
GgwjulR_-ik36RnEr_MVug,4/19/2016
GgwjulR_-ik36RnEr_MVug,4/20/2016
GgwjulR_-ik36RnEr_MVug,5/2/2016
GgwjulR_-ik36RnEr_MVug,5/12/2016
GgwjulR_-ik36RnEr_MVug,5/14/2016
GgwjulR_-ik36RnEr_MVug,5/15/2016
4fzjAjzLCnjWfQP1sOHiwA,9/3/2006
4fzjAjzLCnjWfQP1sOHiwA,10/18/2006
4fzjAjzLCnjWfQP1sOHiwA,10/25/2006
4fzjAjzLCnjWfQP1sOHiwA,11/23/2006
4fzjAjzLCnjWfQP1sOHiwA,1/23/2007
4fzjAjzLCnjWfQP1sOHiwA,1/26/2007
4fzjAjzLCnjWfQP1sOHiwA,1/31/2007
4fzjAjzLCnjWfQP1sOHiwA,2/7/2007
4fzjAjzLCnjWfQP1sOHiwA,2/15/2007
4fzjAjzLCnjWfQP1sOHiwA,4/26/2007
4fzjAjzLCnjWfQP1sOHiwA,6/7/2007
4fzjAjzLCnjWfQP1sOHiwA,8/19/2007
4fzjAjzLCnjWfQP1sOHiwA,10/1/2007
4fzjAjzLCnjWfQP1sOHiwA,11/17/2007
Pl2c7HLD9UgFL2zHP0cZVQ,12/21/2013
Pl2c7HLD9UgFL2zHP0cZVQ,12/31/2013
Pl2c7HLD9UgFL2zHP0cZVQ,1/12/2014
Pl2c7HLD9UgFL2zHP0cZVQ,1/22/2014
Pl2c7HLD9UgFL2zHP0cZVQ,1/23/2014
Pl2c7HLD9UgFL2zHP0cZVQ,1/25/2014
Pl2c7HLD9UgFL2zHP0cZVQ,1/29/2014
Pl2c7HLD9UgFL2zHP0cZVQ,1/31/2014
Pl2c7HLD9UgFL2zHP0cZVQ,2/17/2014
Pl2c7HLD9UgFL2zHP0cZVQ,2/20/2014
Pl2c7HLD9UgFL2zHP0cZVQ,3/8/2014
Pl2c7HLD9UgFL2zHP0cZVQ,3/29/2014
Pl2c7HLD9UgFL2zHP0cZVQ,4/13/2014
bsjyXlPMSPHFLKf89mTvbw,2/24/2020
bsjyXlPMSPHFLKf89mTvbw,2/26/2020
bsjyXlPMSPHFLKf89mTvbw,2/28/2020
bsjyXlPMSPHFLKf89mTvbw,2/29/2020
bsjyXlPMSPHFLKf89mTvbw,3/5/2020
bsjyXlPMSPHFLKf89mTvbw,3/7/2020
bsjyXlPMSPHFLKf89mTvbw,3/10/2020
bsjyXlPMSPHFLKf89mTvbw,3/21/2020
59qvYQ6joOWJpwR3kfy7jQ,7/19/2008
59qvYQ6joOWJpwR3kfy7jQ,11/18/2008
59qvYQ6joOWJpwR3kfy7jQ,1/22/2009
59qvYQ6joOWJpwR3kfy7jQ,5/9/2009
59qvYQ6joOWJpwR3kfy7jQ,10/11/2009
59qvYQ6joOWJpwR3kfy7jQ,3/21/2010
59qvYQ6joOWJpwR3kfy7jQ,1/17/2011
59qvYQ6joOWJpwR3kfy7jQ,2/1/2011
59qvYQ6joOWJpwR3kfy7jQ,4/29/2011
59qvYQ6joOWJpwR3kfy7jQ,7/29/2011
59qvYQ6joOWJpwR3kfy7jQ,10/23/2011
59qvYQ6joOWJpwR3kfy7jQ,12/8/2011
bJ7CAbc32-M5h35YiAeSIw,3/4/2020
bJ7CAbc32-M5h35YiAeSIw,3/7/2020
bJ7CAbc32-M5h35YiAeSIw,3/9/2020
bJ7CAbc32-M5h35YiAeSIw,3/16/2020
1i63faxXI1TQ7pNlLp3IPQ,12/30/2007
1i63faxXI1TQ7pNlLp3IPQ,1/3/2008
1i63faxXI1TQ7pNlLp3IPQ,1/6/2008
1i63faxXI1TQ7pNlLp3IPQ,1/16/2008
1i63faxXI1TQ7pNlLp3IPQ,1/17/2008
1i63faxXI1TQ7pNlLp3IPQ,1/19/2008
1i63faxXI1TQ7pNlLp3IPQ,1/27/2008
1i63faxXI1TQ7pNlLp3IPQ,1/30/2008
1i63faxXI1TQ7pNlLp3IPQ,2/16/2008
1i63faxXI1TQ7pNlLp3IPQ,2/22/2008
1i63faxXI1TQ7pNlLp3IPQ,3/3/2008
1i63faxXI1TQ7pNlLp3IPQ,3/17/2008
1i63faxXI1TQ7pNlLp3IPQ,3/31/2008
1i63faxXI1TQ7pNlLp3IPQ,5/12/2008
1i63faxXI1TQ7pNlLp3IPQ,6/25/2008
3CrAvu81KXQ31hdiL5_HTw,4/10/2018
3CrAvu81KXQ31hdiL5_HTw,4/13/2018
3CrAvu81KXQ31hdiL5_HTw,4/14/2018
3CrAvu81KXQ31hdiL5_HTw,4/15/2018
3CrAvu81KXQ31hdiL5_HTw,4/27/2018
3CrAvu81KXQ31hdiL5_HTw,4/28/2018
3CrAvu81KXQ31hdiL5_HTw,4/29/2018
3CrAvu81KXQ31hdiL5_HTw,5/3/2018
3CrAvu81KXQ31hdiL5_HTw,5/9/2018
3CrAvu81KXQ31hdiL5_HTw,5/15/2018
3CrAvu81KXQ31hdiL5_HTw,5/21/2018
g0KkQmGXCtxkzHWoYEQa4A,1/14/2020
g0KkQmGXCtxkzHWoYEQa4A,1/16/2020
g0KkQmGXCtxkzHWoYEQa4A,1/17/2020
g0KkQmGXCtxkzHWoYEQa4A,1/18/2020
g0KkQmGXCtxkzHWoYEQa4A,1/20/2020
g0KkQmGXCtxkzHWoYEQa4A,1/21/2020
g0KkQmGXCtxkzHWoYEQa4A,1/22/2020
g0KkQmGXCtxkzHWoYEQa4A,1/25/2020
bP6goJODwRnM3AVy45Kn9w,11/16/2006
bP6goJODwRnM3AVy45Kn9w,12/15/2006
bP6goJODwRnM3AVy45Kn9w,6/1/2007
bP6goJODwRnM3AVy45Kn9w,7/11/2007
bP6goJODwRnM3AVy45Kn9w,7/27/2007
bP6goJODwRnM3AVy45Kn9w,10/6/2007
bP6goJODwRnM3AVy45Kn9w,10/23/2007
bP6goJODwRnM3AVy45Kn9w,11/20/2007
bP6goJODwRnM3AVy45Kn9w,12/10/2007
bP6goJODwRnM3AVy45Kn9w,2/6/2008
bP6goJODwRnM3AVy45Kn9w,3/26/2008
bP6goJODwRnM3AVy45Kn9w,5/18/2008
bP6goJODwRnM3AVy45Kn9w,6/8/2008
bP6goJODwRnM3AVy45Kn9w,6/26/2008
yoHbWZBDmgHyl5oWMQRIoQ,2/6/2019
yoHbWZBDmgHyl5oWMQRIoQ,2/8/2019
yoHbWZBDmgHyl5oWMQRIoQ,2/9/2019
yoHbWZBDmgHyl5oWMQRIoQ,2/10/2019
yoHbWZBDmgHyl5oWMQRIoQ,2/11/2019
yoHbWZBDmgHyl5oWMQRIoQ,2/14/2019
yoHbWZBDmgHyl5oWMQRIoQ,2/15/2019
yoHbWZBDmgHyl5oWMQRIoQ,2/16/2019
yoHbWZBDmgHyl5oWMQRIoQ,2/17/2019
yoHbWZBDmgHyl5oWMQRIoQ,2/23/2019
yoHbWZBDmgHyl5oWMQRIoQ,2/24/2019
QW3anlt1nJ9aNkdQAV-Ifw,3/25/2017
QW3anlt1nJ9aNkdQAV-Ifw,3/30/2017
QW3anlt1nJ9aNkdQAV-Ifw,3/31/2017
QW3anlt1nJ9aNkdQAV-Ifw,4/1/2017
QW3anlt1nJ9aNkdQAV-Ifw,4/2/2017
QW3anlt1nJ9aNkdQAV-Ifw,4/4/2017
QW3anlt1nJ9aNkdQAV-Ifw,4/5/2017
QW3anlt1nJ9aNkdQAV-Ifw,4/7/2017
QW3anlt1nJ9aNkdQAV-Ifw,4/8/2017
QW3anlt1nJ9aNkdQAV-Ifw,4/9/2017
QW3anlt1nJ9aNkdQAV-Ifw,4/13/2017
QW3anlt1nJ9aNkdQAV-Ifw,4/14/2017
QW3anlt1nJ9aNkdQAV-Ifw,4/19/2017
QW3anlt1nJ9aNkdQAV-Ifw,4/22/2017
QW3anlt1nJ9aNkdQAV-Ifw,4/25/2017
iNpKyGdjCb40PECLpyF-rg,11/28/2018
iNpKyGdjCb40PECLpyF-rg,11/30/2018
iNpKyGdjCb40PECLpyF-rg,12/1/2018
iNpKyGdjCb40PECLpyF-rg,12/5/2018
iNpKyGdjCb40PECLpyF-rg,12/15/2018
iNpKyGdjCb40PECLpyF-rg,12/18/2018
iNpKyGdjCb40PECLpyF-rg,1/3/2019
iNpKyGdjCb40PECLpyF-rg,1/4/2019
iNpKyGdjCb40PECLpyF-rg,1/11/2019
iNpKyGdjCb40PECLpyF-rg,1/15/2019
iNpKyGdjCb40PECLpyF-rg,1/26/2019
kGb2Rnh3Uwni5k0qQY-05Q,3/30/2006
kGb2Rnh3Uwni5k0qQY-05Q,4/7/2006
kGb2Rnh3Uwni5k0qQY-05Q,4/12/2006
kGb2Rnh3Uwni5k0qQY-05Q,4/17/2006
kGb2Rnh3Uwni5k0qQY-05Q,11/9/2006
kGb2Rnh3Uwni5k0qQY-05Q,1/13/2007
kGb2Rnh3Uwni5k0qQY-05Q,3/8/2007
kGb2Rnh3Uwni5k0qQY-05Q,5/16/2007
kGb2Rnh3Uwni5k0qQY-05Q,5/17/2007
kGb2Rnh3Uwni5k0qQY-05Q,6/15/2007
kGb2Rnh3Uwni5k0qQY-05Q,6/19/2007
kGb2Rnh3Uwni5k0qQY-05Q,6/23/2007
kGb2Rnh3Uwni5k0qQY-05Q,7/1/2007
kGb2Rnh3Uwni5k0qQY-05Q,9/19/2007
kGb2Rnh3Uwni5k0qQY-05Q,12/13/2007
kGb2Rnh3Uwni5k0qQY-05Q,1/7/2008
HdOxf-muJnhpBaV_8J65tg,4/2/2015
HdOxf-muJnhpBaV_8J65tg,4/10/2015
HdOxf-muJnhpBaV_8J65tg,4/12/2015
HdOxf-muJnhpBaV_8J65tg,4/18/2015
HdOxf-muJnhpBaV_8J65tg,4/20/2015
HdOxf-muJnhpBaV_8J65tg,4/21/2015
HdOxf-muJnhpBaV_8J65tg,4/22/2015
HdOxf-muJnhpBaV_8J65tg,4/25/2015
HdOxf-muJnhpBaV_8J65tg,4/29/2015
HdOxf-muJnhpBaV_8J65tg,5/3/2015
HdOxf-muJnhpBaV_8J65tg,5/8/2015
HdOxf-muJnhpBaV_8J65tg,5/17/2015
HdOxf-muJnhpBaV_8J65tg,5/21/2015
yWsHawhAIt1rINn4U8s3kQ,9/11/2015
yWsHawhAIt1rINn4U8s3kQ,10/10/2015
yWsHawhAIt1rINn4U8s3kQ,10/12/2015
yWsHawhAIt1rINn4U8s3kQ,10/14/2015
yWsHawhAIt1rINn4U8s3kQ,10/19/2015
yWsHawhAIt1rINn4U8s3kQ,10/22/2015
yWsHawhAIt1rINn4U8s3kQ,10/25/2015
yWsHawhAIt1rINn4U8s3kQ,11/1/2015
yWsHawhAIt1rINn4U8s3kQ,11/2/2015
yWsHawhAIt1rINn4U8s3kQ,11/21/2015
yWsHawhAIt1rINn4U8s3kQ,12/3/2015
bhGLJ3MdqAKmLHANNH-L3g,11/25/2018
bhGLJ3MdqAKmLHANNH-L3g,11/28/2018
bhGLJ3MdqAKmLHANNH-L3g,12/1/2018
bhGLJ3MdqAKmLHANNH-L3g,12/7/2018
bhGLJ3MdqAKmLHANNH-L3g,12/12/2018
bhGLJ3MdqAKmLHANNH-L3g,12/31/2018
bhGLJ3MdqAKmLHANNH-L3g,1/2/2019
bhGLJ3MdqAKmLHANNH-L3g,1/3/2019
bhGLJ3MdqAKmLHANNH-L3g,1/6/2019
bhGLJ3MdqAKmLHANNH-L3g,1/14/2019
bhGLJ3MdqAKmLHANNH-L3g,1/21/2019
9TLfCS60bIu5DLY4JBfNLw,3/1/2019
9TLfCS60bIu5DLY4JBfNLw,3/4/2019
9TLfCS60bIu5DLY4JBfNLw,3/5/2019
9TLfCS60bIu5DLY4JBfNLw,3/12/2019
9TLfCS60bIu5DLY4JBfNLw,3/13/2019
9TLfCS60bIu5DLY4JBfNLw,3/20/2019
9TLfCS60bIu5DLY4JBfNLw,3/23/2019
9TLfCS60bIu5DLY4JBfNLw,3/25/2019
9TLfCS60bIu5DLY4JBfNLw,3/27/2019
9TLfCS60bIu5DLY4JBfNLw,3/31/2019
9TLfCS60bIu5DLY4JBfNLw,4/20/2019
9TLfCS60bIu5DLY4JBfNLw,4/26/2019
9TLfCS60bIu5DLY4JBfNLw,5/5/2019
9TLfCS60bIu5DLY4JBfNLw,5/14/2019
kzXrQKJpN2JyLd68iwH3hg,10/5/2006
kzXrQKJpN2JyLd68iwH3hg,12/7/2006
kzXrQKJpN2JyLd68iwH3hg,1/7/2007
kzXrQKJpN2JyLd68iwH3hg,5/9/2007
kzXrQKJpN2JyLd68iwH3hg,5/16/2007
kzXrQKJpN2JyLd68iwH3hg,6/15/2007
kzXrQKJpN2JyLd68iwH3hg,8/12/2007
kzXrQKJpN2JyLd68iwH3hg,10/23/2007
kzXrQKJpN2JyLd68iwH3hg,12/5/2007
kzXrQKJpN2JyLd68iwH3hg,1/31/2008
kzXrQKJpN2JyLd68iwH3hg,2/29/2008
kzXrQKJpN2JyLd68iwH3hg,3/22/2008
kzXrQKJpN2JyLd68iwH3hg,5/9/2008
kzXrQKJpN2JyLd68iwH3hg,7/3/2008
e1RoEC5uvzXnLXbjuK3ZSg,7/19/2012
e1RoEC5uvzXnLXbjuK3ZSg,8/4/2012
e1RoEC5uvzXnLXbjuK3ZSg,8/7/2012
e1RoEC5uvzXnLXbjuK3ZSg,8/24/2012
e1RoEC5uvzXnLXbjuK3ZSg,9/12/2012
e1RoEC5uvzXnLXbjuK3ZSg,9/22/2012
e1RoEC5uvzXnLXbjuK3ZSg,9/24/2012
e1RoEC5uvzXnLXbjuK3ZSg,9/27/2012
e1RoEC5uvzXnLXbjuK3ZSg,10/7/2012
e1RoEC5uvzXnLXbjuK3ZSg,12/30/2012
e1RoEC5uvzXnLXbjuK3ZSg,1/12/2013
e1RoEC5uvzXnLXbjuK3ZSg,2/4/2013
9x8tQvdczbrNaTsQJWRiCQ,4/27/2019
9x8tQvdczbrNaTsQJWRiCQ,5/1/2019
9x8tQvdczbrNaTsQJWRiCQ,5/2/2019
9x8tQvdczbrNaTsQJWRiCQ,5/3/2019
9x8tQvdczbrNaTsQJWRiCQ,5/4/2019
9x8tQvdczbrNaTsQJWRiCQ,5/9/2019
9x8tQvdczbrNaTsQJWRiCQ,5/12/2019
9x8tQvdczbrNaTsQJWRiCQ,5/19/2019
9x8tQvdczbrNaTsQJWRiCQ,5/25/2019
7O7qSDSVwudKkhoIqhoNwQ,11/22/2014
7O7qSDSVwudKkhoIqhoNwQ,11/23/2014
7O7qSDSVwudKkhoIqhoNwQ,11/29/2014
7O7qSDSVwudKkhoIqhoNwQ,12/2/2014
7O7qSDSVwudKkhoIqhoNwQ,12/3/2014
7O7qSDSVwudKkhoIqhoNwQ,12/4/2014
7O7qSDSVwudKkhoIqhoNwQ,12/5/2014
7O7qSDSVwudKkhoIqhoNwQ,12/12/2014
7O7qSDSVwudKkhoIqhoNwQ,12/17/2014
7O7qSDSVwudKkhoIqhoNwQ,12/27/2014
7O7qSDSVwudKkhoIqhoNwQ,1/2/2015
Qd6r9d5EcIRY3bWRW7-rBg,11/4/2010
Qd6r9d5EcIRY3bWRW7-rBg,11/8/2010
Qd6r9d5EcIRY3bWRW7-rBg,11/10/2010
Qd6r9d5EcIRY3bWRW7-rBg,11/13/2010
Qd6r9d5EcIRY3bWRW7-rBg,11/16/2010
Qd6r9d5EcIRY3bWRW7-rBg,11/20/2010
Qd6r9d5EcIRY3bWRW7-rBg,11/22/2010
Qd6r9d5EcIRY3bWRW7-rBg,11/26/2010
Qd6r9d5EcIRY3bWRW7-rBg,12/3/2010
Qd6r9d5EcIRY3bWRW7-rBg,12/6/2010
Qd6r9d5EcIRY3bWRW7-rBg,12/13/2010
Qd6r9d5EcIRY3bWRW7-rBg,12/15/2010
Qd6r9d5EcIRY3bWRW7-rBg,12/22/2010
Qd6r9d5EcIRY3bWRW7-rBg,12/28/2010
ZKZGgOsRPpAjc9oMBT_uBw,2/12/2020
ZKZGgOsRPpAjc9oMBT_uBw,2/14/2020
ZKZGgOsRPpAjc9oMBT_uBw,2/15/2020
ZKZGgOsRPpAjc9oMBT_uBw,2/16/2020
ZKZGgOsRPpAjc9oMBT_uBw,2/17/2020
ZKZGgOsRPpAjc9oMBT_uBw,2/22/2020
ZKZGgOsRPpAjc9oMBT_uBw,2/23/2020
6VTj9WahLNw8i6bKAA7kvw,4/22/2012
6VTj9WahLNw8i6bKAA7kvw,4/29/2012
6VTj9WahLNw8i6bKAA7kvw,5/4/2012
6VTj9WahLNw8i6bKAA7kvw,5/6/2012
6VTj9WahLNw8i6bKAA7kvw,5/7/2012
6VTj9WahLNw8i6bKAA7kvw,5/10/2012
6VTj9WahLNw8i6bKAA7kvw,5/13/2012
6VTj9WahLNw8i6bKAA7kvw,5/15/2012
6VTj9WahLNw8i6bKAA7kvw,5/20/2012
6VTj9WahLNw8i6bKAA7kvw,5/21/2012
6VTj9WahLNw8i6bKAA7kvw,6/3/2012
6VTj9WahLNw8i6bKAA7kvw,6/11/2012
6VTj9WahLNw8i6bKAA7kvw,6/14/2012
6VTj9WahLNw8i6bKAA7kvw,6/19/2012
6VTj9WahLNw8i6bKAA7kvw,7/8/2012
uZaT6J821lHMFrfrFno7lg,12/1/2015
uZaT6J821lHMFrfrFno7lg,12/6/2015
uZaT6J821lHMFrfrFno7lg,12/9/2015
uZaT6J821lHMFrfrFno7lg,12/11/2015
uZaT6J821lHMFrfrFno7lg,12/13/2015
uZaT6J821lHMFrfrFno7lg,12/17/2015
uZaT6J821lHMFrfrFno7lg,12/21/2015
uZaT6J821lHMFrfrFno7lg,12/22/2015
uZaT6J821lHMFrfrFno7lg,12/29/2015
uZaT6J821lHMFrfrFno7lg,12/30/2015
uZaT6J821lHMFrfrFno7lg,1/3/2016
uZaT6J821lHMFrfrFno7lg,1/9/2016
uZaT6J821lHMFrfrFno7lg,1/10/2016
uZaT6J821lHMFrfrFno7lg,1/18/2016
jh07n3CFoc8gskZ8F-2g9w,9/4/2011
jh07n3CFoc8gskZ8F-2g9w,9/5/2011
jh07n3CFoc8gskZ8F-2g9w,9/6/2011
jh07n3CFoc8gskZ8F-2g9w,9/9/2011
jh07n3CFoc8gskZ8F-2g9w,9/10/2011
jh07n3CFoc8gskZ8F-2g9w,9/11/2011
jh07n3CFoc8gskZ8F-2g9w,9/12/2011
jh07n3CFoc8gskZ8F-2g9w,9/13/2011
jh07n3CFoc8gskZ8F-2g9w,9/14/2011
jh07n3CFoc8gskZ8F-2g9w,9/21/2011
jh07n3CFoc8gskZ8F-2g9w,9/24/2011
jh07n3CFoc8gskZ8F-2g9w,9/25/2011
jh07n3CFoc8gskZ8F-2g9w,9/29/2011
jh07n3CFoc8gskZ8F-2g9w,10/20/2011
jh07n3CFoc8gskZ8F-2g9w,10/28/2011
Kcva2t7e6Ukpb5vMvkdc2w,8/5/2005
Kcva2t7e6Ukpb5vMvkdc2w,8/31/2006
Kcva2t7e6Ukpb5vMvkdc2w,11/8/2006
Kcva2t7e6Ukpb5vMvkdc2w,12/12/2006
Kcva2t7e6Ukpb5vMvkdc2w,1/29/2007
Kcva2t7e6Ukpb5vMvkdc2w,2/3/2007
Kcva2t7e6Ukpb5vMvkdc2w,3/4/2007
Kcva2t7e6Ukpb5vMvkdc2w,3/22/2007
Kcva2t7e6Ukpb5vMvkdc2w,6/14/2007
Kcva2t7e6Ukpb5vMvkdc2w,9/4/2007
Kcva2t7e6Ukpb5vMvkdc2w,10/17/2007
eqFA5BJ5NDjZ4TaUXJazfg,5/25/2007
eqFA5BJ5NDjZ4TaUXJazfg,6/12/2007
eqFA5BJ5NDjZ4TaUXJazfg,6/19/2007
eqFA5BJ5NDjZ4TaUXJazfg,6/29/2007
eqFA5BJ5NDjZ4TaUXJazfg,7/3/2007
eqFA5BJ5NDjZ4TaUXJazfg,9/14/2007
eqFA5BJ5NDjZ4TaUXJazfg,12/9/2007
eqFA5BJ5NDjZ4TaUXJazfg,12/13/2007
eqFA5BJ5NDjZ4TaUXJazfg,1/3/2008
eqFA5BJ5NDjZ4TaUXJazfg,1/29/2008
eqFA5BJ5NDjZ4TaUXJazfg,2/29/2008
eqFA5BJ5NDjZ4TaUXJazfg,3/15/2008
eqFA5BJ5NDjZ4TaUXJazfg,4/13/2008
eqFA5BJ5NDjZ4TaUXJazfg,5/20/2008
eqFA5BJ5NDjZ4TaUXJazfg,6/24/2008
eqFA5BJ5NDjZ4TaUXJazfg,8/6/2008
eqFA5BJ5NDjZ4TaUXJazfg,9/14/2008
0ukhgBeLATOo8b8lDobRGg,11/18/2005
0ukhgBeLATOo8b8lDobRGg,4/17/2006
0ukhgBeLATOo8b8lDobRGg,4/18/2006
0ukhgBeLATOo8b8lDobRGg,8/29/2006
0ukhgBeLATOo8b8lDobRGg,11/27/2006
0ukhgBeLATOo8b8lDobRGg,1/3/2007
0ukhgBeLATOo8b8lDobRGg,1/20/2007
0ukhgBeLATOo8b8lDobRGg,2/9/2007
0ukhgBeLATOo8b8lDobRGg,2/16/2007
0ukhgBeLATOo8b8lDobRGg,3/22/2007
0ukhgBeLATOo8b8lDobRGg,1/22/2008
0ukhgBeLATOo8b8lDobRGg,2/3/2008
0ukhgBeLATOo8b8lDobRGg,2/27/2008
BWcserrn-VAvcWufKnsP_Q,12/13/2016
BWcserrn-VAvcWufKnsP_Q,12/17/2016
BWcserrn-VAvcWufKnsP_Q,12/30/2016
BWcserrn-VAvcWufKnsP_Q,1/5/2017
BWcserrn-VAvcWufKnsP_Q,1/10/2017
BWcserrn-VAvcWufKnsP_Q,1/12/2017
BWcserrn-VAvcWufKnsP_Q,1/22/2017
BWcserrn-VAvcWufKnsP_Q,1/23/2017
BWcserrn-VAvcWufKnsP_Q,1/25/2017
BWcserrn-VAvcWufKnsP_Q,2/13/2017
BWcserrn-VAvcWufKnsP_Q,2/25/2017
BWcserrn-VAvcWufKnsP_Q,2/26/2017
BWcserrn-VAvcWufKnsP_Q,3/4/2017
BWcserrn-VAvcWufKnsP_Q,3/16/2017
BWcserrn-VAvcWufKnsP_Q,3/24/2017
6yqPYHtG4LpOVushEzrxXw,2/4/2015
6yqPYHtG4LpOVushEzrxXw,2/7/2015
6yqPYHtG4LpOVushEzrxXw,2/9/2015
6yqPYHtG4LpOVushEzrxXw,2/11/2015
6yqPYHtG4LpOVushEzrxXw,2/13/2015
6yqPYHtG4LpOVushEzrxXw,2/15/2015
6yqPYHtG4LpOVushEzrxXw,2/17/2015
6yqPYHtG4LpOVushEzrxXw,2/18/2015
6yqPYHtG4LpOVushEzrxXw,2/22/2015
6yqPYHtG4LpOVushEzrxXw,2/25/2015
6yqPYHtG4LpOVushEzrxXw,3/1/2015
6yqPYHtG4LpOVushEzrxXw,3/3/2015
6yqPYHtG4LpOVushEzrxXw,3/11/2015
6yqPYHtG4LpOVushEzrxXw,3/22/2015
6wGHem2o7migh4syWmmB8A,9/24/2015
6wGHem2o7migh4syWmmB8A,10/1/2015
6wGHem2o7migh4syWmmB8A,10/2/2015
6wGHem2o7migh4syWmmB8A,10/8/2015
6wGHem2o7migh4syWmmB8A,10/14/2015
6wGHem2o7migh4syWmmB8A,10/29/2015
6wGHem2o7migh4syWmmB8A,11/1/2015
6wGHem2o7migh4syWmmB8A,11/2/2015
6wGHem2o7migh4syWmmB8A,11/6/2015
6wGHem2o7migh4syWmmB8A,11/21/2015
6wGHem2o7migh4syWmmB8A,11/23/2015
qTXYie0Phy8JbuOau4rTmg,7/26/2019
qTXYie0Phy8JbuOau4rTmg,7/27/2019
qTXYie0Phy8JbuOau4rTmg,7/30/2019
qTXYie0Phy8JbuOau4rTmg,8/8/2019
qTXYie0Phy8JbuOau4rTmg,8/10/2019
qTXYie0Phy8JbuOau4rTmg,8/17/2019
qTXYie0Phy8JbuOau4rTmg,8/22/2019
qTXYie0Phy8JbuOau4rTmg,8/24/2019
qTXYie0Phy8JbuOau4rTmg,8/28/2019
rNmAxOkEJ07_YHAxHKyH4Q,5/18/2019
rNmAxOkEJ07_YHAxHKyH4Q,5/19/2019
rNmAxOkEJ07_YHAxHKyH4Q,5/20/2019
rNmAxOkEJ07_YHAxHKyH4Q,5/22/2019
rNmAxOkEJ07_YHAxHKyH4Q,5/24/2019
rNmAxOkEJ07_YHAxHKyH4Q,5/28/2019
rNmAxOkEJ07_YHAxHKyH4Q,6/1/2019
rNmAxOkEJ07_YHAxHKyH4Q,6/2/2019
rNmAxOkEJ07_YHAxHKyH4Q,6/3/2019
rNmAxOkEJ07_YHAxHKyH4Q,6/4/2019
rNmAxOkEJ07_YHAxHKyH4Q,6/6/2019
rNmAxOkEJ07_YHAxHKyH4Q,6/9/2019
rNmAxOkEJ07_YHAxHKyH4Q,6/12/2019
rNmAxOkEJ07_YHAxHKyH4Q,6/13/2019
ERVKNes7rXoQg4J0gWhMdg,10/5/2019
ERVKNes7rXoQg4J0gWhMdg,10/9/2019
ERVKNes7rXoQg4J0gWhMdg,10/10/2019
ERVKNes7rXoQg4J0gWhMdg,10/11/2019
ERVKNes7rXoQg4J0gWhMdg,10/12/2019
ERVKNes7rXoQg4J0gWhMdg,10/18/2019
ERVKNes7rXoQg4J0gWhMdg,10/20/2019
ERVKNes7rXoQg4J0gWhMdg,10/23/2019
ERVKNes7rXoQg4J0gWhMdg,10/30/2019
Or5vdm-okztVKK8-3Wm1FQ,10/26/2011
Or5vdm-okztVKK8-3Wm1FQ,10/29/2011
Or5vdm-okztVKK8-3Wm1FQ,11/2/2011
Or5vdm-okztVKK8-3Wm1FQ,11/3/2011
Or5vdm-okztVKK8-3Wm1FQ,11/7/2011
Or5vdm-okztVKK8-3Wm1FQ,11/9/2011
Or5vdm-okztVKK8-3Wm1FQ,11/11/2011
Or5vdm-okztVKK8-3Wm1FQ,11/12/2011
Or5vdm-okztVKK8-3Wm1FQ,11/13/2011
Or5vdm-okztVKK8-3Wm1FQ,11/18/2011
Or5vdm-okztVKK8-3Wm1FQ,11/20/2011
Or5vdm-okztVKK8-3Wm1FQ,11/28/2011
flrsv0dum7T68jy7QSDRKw,7/9/2015
flrsv0dum7T68jy7QSDRKw,7/10/2015
flrsv0dum7T68jy7QSDRKw,7/14/2015
flrsv0dum7T68jy7QSDRKw,7/15/2015
flrsv0dum7T68jy7QSDRKw,7/19/2015
flrsv0dum7T68jy7QSDRKw,7/22/2015
flrsv0dum7T68jy7QSDRKw,7/26/2015
flrsv0dum7T68jy7QSDRKw,7/30/2015
flrsv0dum7T68jy7QSDRKw,7/31/2015
flrsv0dum7T68jy7QSDRKw,8/2/2015
flrsv0dum7T68jy7QSDRKw,8/3/2015
flrsv0dum7T68jy7QSDRKw,8/9/2015
flrsv0dum7T68jy7QSDRKw,8/14/2015
