1,Poor Calvin’s,https://www.yelp.com/biz/poor-calvins-atlanta-15?osq=Restaurants
2,Hattie B’s Hot Chicken - Atlanta,https://www.yelp.com/biz/hattie-bs-hot-chicken-atlanta-atlanta?osq=Restaurants
3,Ruby Chow’s,https://www.yelp.com/biz/ruby-chows-atlanta?osq=Restaurants
4,Roc South Cuisine,https://www.yelp.com/biz/roc-south-cuisine-atlanta?osq=Restaurants
5,South City Kitchen Buckhead,https://www.yelp.com/biz/south-city-kitchen-buckhead-atlanta?osq=Restaurants
6,Bulla Gastrobar,https://www.yelp.com/biz/bulla-gastrobar-atlanta-2?osq=Restaurants
7,Two Urban Licks,https://www.yelp.com/biz/two-urban-licks-atlanta?osq=Restaurants
8,The Iberian Pig,https://www.yelp.com/biz/the-iberian-pig-atlanta?osq=Restaurants
9,The Garden Room,https://www.yelp.com/biz/the-garden-room-atlanta-2?osq=Restaurants
10,Grana,https://www.yelp.com/biz/grana-atlanta?osq=Restaurants
11,Slutty Vegan,https://www.yelp.com/biz/slutty-vegan-atlanta-4?osq=Restaurants
12,South City Kitchen Midtown,https://www.yelp.com/biz/south-city-kitchen-midtown-atlanta-2?osq=Restaurants
13,BoccaLupo,https://www.yelp.com/biz/boccalupo-atlanta?osq=Restaurants
14,Fox Bros. Bar-B-Q,https://www.yelp.com/biz/fox-bros-bar-b-q-atlanta?osq=Restaurants
15,Mary Mac’s Tea Room,https://www.yelp.com/biz/mary-macs-tea-room-atlanta?osq=Restaurants
16,26 Thai Kitchen & Bar,https://www.yelp.com/biz/26-thai-kitchen-and-bar-atlanta-3?osq=Restaurants
17,Seven Lamps,https://www.yelp.com/biz/seven-lamps-atlanta?osq=Restaurants
18,Little Rey,https://www.yelp.com/biz/little-rey-atlanta-3?osq=Restaurants
19,Aviva by Kameel,https://www.yelp.com/biz/aviva-by-kameel-atlanta?osq=Restaurants
20,Atlanta Breakfast Club,https://www.yelp.com/biz/atlanta-breakfast-club-atlanta?osq=Restaurants
21,Louisiana Bistreaux Buckhead,https://www.yelp.com/biz/louisiana-bistreaux-buckhead-atlanta-2?osq=Restaurants
22,Alma Cocina Buckhead,https://www.yelp.com/biz/alma-cocina-buckhead-atlanta?osq=Restaurants
23,The Hungry Peach,https://www.yelp.com/biz/the-hungry-peach-atlanta-2?osq=Restaurants
24,Holeman & Finch,https://www.yelp.com/biz/holeman-and-finch-atlanta-2?osq=Restaurants
25,Urban Wu,https://www.yelp.com/biz/urban-wu-atlanta-2?osq=Restaurants
26,Grindhouse Killer Burgers,https://www.yelp.com/biz/grindhouse-killer-burgers-atlanta-22?osq=Restaurants
27,Public School 404,https://www.yelp.com/biz/public-school-404-atlanta?osq=Restaurants
28,Der Biergarten,https://www.yelp.com/biz/der-biergarten-atlanta?osq=Restaurants
29,Desta Ethiopian Kitchen,https://www.yelp.com/biz/desta-ethiopian-kitchen-atlanta?osq=Restaurants
30,Dat Fire Jerk Chicken,https://www.yelp.com/biz/dat-fire-jerk-chicken-atlanta?osq=Restaurants
31,Gus’s World Famous Fried Chicken,https://www.yelp.com/biz/guss-world-famous-fried-chicken-atlanta?osq=Restaurants
32,Gunshow,https://www.yelp.com/biz/gunshow-atlanta-2?osq=Restaurants
33,Superica,https://www.yelp.com/biz/superica-atlanta?osq=Restaurants
34,The Vortex Bar And Grill - Midtown,https://www.yelp.com/biz/the-vortex-bar-and-grill-midtown-atlanta?osq=Restaurants
35,Sweet Georgia’s Juke Joint,https://www.yelp.com/biz/sweet-georgias-juke-joint-atlanta?osq=Restaurants
36,True Food Kitchen,https://www.yelp.com/biz/true-food-kitchen-atlanta-8?osq=Restaurants
37,La Pastorcita,https://www.yelp.com/biz/la-pastorcita-atlanta?osq=Restaurants
38,Antico Pizza,https://www.yelp.com/biz/antico-pizza-atlanta?osq=Restaurants
39,Amalfi Pizza,https://www.yelp.com/biz/amalfi-pizza-atlanta?osq=Restaurants
40,Big Dave’s Cheesesteaks,https://www.yelp.com/biz/big-daves-cheesesteaks-atlanta-2?osq=Restaurants
41,FLIP burger boutique,https://www.yelp.com/biz/flip-burger-boutique-atlanta?osq=Restaurants
42,PaoPao Ramen Factory And Bar,https://www.yelp.com/biz/paopao-ramen-factory-and-bar-atlanta-2?osq=Restaurants
43,Whiskey Bird,https://www.yelp.com/biz/whiskey-bird-atlanta?osq=Restaurants
44,Argosy,https://www.yelp.com/biz/argosy-atlanta?osq=Restaurants
45,Fat Matt’s Rib Shack,https://www.yelp.com/biz/fat-matts-rib-shack-atlanta?osq=Restaurants
46,Saltyard,https://www.yelp.com/biz/saltyard-atlanta?osq=Restaurants
47,Twin Smokers BBQ,https://www.yelp.com/biz/twin-smokers-bbq-atlanta?osq=Restaurants
48,5Church Atlanta,https://www.yelp.com/biz/5church-atlanta-atlanta?osq=Restaurants
49,Top Spice,https://www.yelp.com/biz/top-spice-atlanta-3?osq=Restaurants
50,Waikikie Hawaiian BBQ,https://www.yelp.com/biz/waikikie-hawaiian-bbq-atlanta?osq=Restaurants
51,La Grotta Ristorante Italiano,https://www.yelp.com/biz/la-grotta-ristorante-italiano-atlanta?osq=Restaurants
52,Cafe Agora,https://www.yelp.com/biz/cafe-agora-atlanta-3?osq=Restaurants
53,Purnima Bangladeshi Cuisine,https://www.yelp.com/biz/purnima-bangladeshi-cuisine-atlanta?osq=Restaurants
54,Masti fun Indian Street Food,https://www.yelp.com/biz/masti-fun-indian-street-food-atlanta?osq=Restaurants
55,JINYA Ramen Bar,https://www.yelp.com/biz/jinya-ramen-bar-atlanta-7?osq=Restaurants
56,La Tavola Trattoria,https://www.yelp.com/biz/la-tavola-trattoria-atlanta?osq=Restaurants
57,Bar-Bacoa,https://www.yelp.com/biz/bar-bacoa-atlanta-5?osq=Restaurants
58,Mamoun’s Falafel,https://www.yelp.com/biz/mamouns-falafel-atlanta?osq=Restaurants
59,The Optimist,https://www.yelp.com/biz/the-optimist-atlanta?osq=Restaurants
60,Bacchanalia,https://www.yelp.com/biz/bacchanalia-atlanta?osq=Restaurants
61,Poor Hendrix,https://www.yelp.com/biz/poor-hendrix-atlanta?osq=Restaurants
62,gusto!,https://www.yelp.com/biz/gusto-atlanta-2?osq=Restaurants
63,Torched Hop Brewing,https://www.yelp.com/biz/torched-hop-brewing-atlanta?osq=Restaurants
64,Bones,https://www.yelp.com/biz/bones-atlanta-6?osq=Restaurants
65,Tabla,https://www.yelp.com/biz/tabla-atlanta?osq=Restaurants
66,Triple Jays Pizza Bar,https://www.yelp.com/biz/triple-jays-pizza-bar-atlanta?osq=Restaurants
67,Agatha’s A Taste Of Mystery,https://www.yelp.com/biz/agathas-a-taste-of-mystery-atlanta-2?osq=Restaurants
68,Machu Picchu Restaurant,https://www.yelp.com/biz/machu-picchu-restaurant-brookhaven?osq=Restaurants
69,Cypress Street Pint & Plate,https://www.yelp.com/biz/cypress-street-pint-and-plate-atlanta?osq=Restaurants
70,Mission + Market,https://www.yelp.com/biz/mission-market-atlanta?osq=Restaurants
71,Rina,https://www.yelp.com/biz/rina-atlanta?osq=Restaurants
72,Papi’s Cuban & Caribbean Grill,https://www.yelp.com/biz/papis-cuban-and-caribbean-grill-atlanta?osq=Restaurants
73,WIN Indonesian Grill & Gastrobar,https://www.yelp.com/biz/win-indonesian-grill-and-gastrobar-atlanta?osq=Restaurants
74,Old Lady Gang,https://www.yelp.com/biz/old-lady-gang-atlanta?osq=Restaurants
75,Tuza Taco,https://www.yelp.com/biz/tuza-taco-atlanta?osq=Restaurants
76,Nuevo Laredo Cantina,https://www.yelp.com/biz/nuevo-laredo-cantina-atlanta?osq=Restaurants
77,Chama Gaucha Brazilian Steakhouse,https://www.yelp.com/biz/chama-gaucha-brazilian-steakhouse-atlanta?osq=Restaurants
78,Staplehouse,https://www.yelp.com/biz/staplehouse-atlanta?osq=Restaurants
79,Ecco Buckhead,https://www.yelp.com/biz/ecco-buckhead-atlanta?osq=Restaurants
80,Lazy Betty,https://www.yelp.com/biz/lazy-betty-atlanta-2?osq=Restaurants
81,Little Bangkok,https://www.yelp.com/biz/little-bangkok-atlanta?osq=Restaurants
82,Cafe Agora Midtown,https://www.yelp.com/biz/cafe-agora-midtown-atlanta?osq=Restaurants
83,Ponko Chicken,https://www.yelp.com/biz/ponko-chicken-atlanta-3?osq=Restaurants
84,Cooks & Soldiers,https://www.yelp.com/biz/cooks-and-soldiers-atlanta?osq=Restaurants
85,Heirloom Market BBQ,https://www.yelp.com/biz/heirloom-market-bbq-atlanta?osq=Restaurants
86,Kinnotori Ramen Bar,https://www.yelp.com/biz/kinnotori-ramen-bar-atlanta?osq=Restaurants
87,Yard House - Takeout & Delivery Available,https://www.yelp.com/biz/yard-house-takeout-and-delivery-available-atlanta?osq=Restaurants
88,Herban Fix - Vegan Kitchen,https://www.yelp.com/biz/herban-fix-vegan-kitchen-atlanta?osq=Restaurants
89,Farm Burger,https://www.yelp.com/biz/farm-burger-atlanta-3?osq=Restaurants
90,La Fonda Latina,https://www.yelp.com/biz/la-fonda-latina-atlanta-4?osq=Restaurants
91,Canoe,https://www.yelp.com/biz/canoe-atlanta-2?osq=Restaurants
92,Roasters,https://www.yelp.com/biz/roasters-atlanta-6?osq=Restaurants
93,Twisted Soul Cookhouse & Pours,https://www.yelp.com/biz/twisted-soul-cookhouse-and-pours-atlanta-2?osq=Restaurants
94,Grub Burger Bar,https://www.yelp.com/biz/grub-burger-bar-atlanta-3?osq=Restaurants
95,Ginya Izakaya,https://www.yelp.com/biz/ginya-izakaya-atlanta-4?osq=Restaurants
96,Aziza,https://www.yelp.com/biz/aziza-atlanta-2?osq=Restaurants
97,Hawkers Asian Street Fare,https://www.yelp.com/biz/hawkers-asian-street-fare-atlanta?osq=Restaurants
98,Forza Storico,https://www.yelp.com/biz/forza-storico-atlanta?osq=Restaurants
99,Barcelona Inman Park,https://www.yelp.com/biz/barcelona-inman-park-atlanta?osq=Restaurants
100,Marcel,https://www.yelp.com/biz/marcel-atlanta?osq=Restaurants
101,Ameer’s Mediterranean Grill,https://www.yelp.com/biz/ameers-mediterranean-grill-atlanta?osq=Restaurants
102,bartaco,https://www.yelp.com/biz/bartaco-atlanta-4?osq=Restaurants
103,Ted’s Montana Grill - Luckie Street,https://www.yelp.com/biz/teds-montana-grill-luckie-street-atlanta?osq=Restaurants
104,Steamhouse Lounge,https://www.yelp.com/biz/steamhouse-lounge-atlanta-2?osq=Restaurants
105,E Ramen +,https://www.yelp.com/biz/e-ramen-atlanta-2?osq=Restaurants
106,a mano,https://www.yelp.com/biz/a-mano-atlanta-2?osq=Restaurants
107,Valenza,https://www.yelp.com/biz/valenza-atlanta?osq=Restaurants
108,Pasta Da Pulcinella,https://www.yelp.com/biz/pasta-da-pulcinella-atlanta?osq=Restaurants
109,Punch Bowl Social Atlanta,https://www.yelp.com/biz/punch-bowl-social-atlanta-atlanta?osq=Restaurants
110,Truva Turkish Kitchen,https://www.yelp.com/biz/truva-turkish-kitchen-atlanta?osq=Restaurants
111,Woody’s CheeseSteaks,https://www.yelp.com/biz/woodys-cheesesteaks-atlanta-2?osq=Restaurants
112,Nina & Rafi,https://www.yelp.com/biz/nina-and-rafi-atlanta-2?osq=Restaurants
113,Krab Queenz,https://www.yelp.com/biz/krab-queenz-atlanta?osq=Restaurants
114,No Mas! Cantina,https://www.yelp.com/biz/no-mas-cantina-atlanta-2?osq=Restaurants
115,Rreal Tacos,https://www.yelp.com/biz/rreal-tacos-atlanta?osq=Restaurants
116,Nowak’s,https://www.yelp.com/biz/nowaks-atlanta-2?osq=Restaurants
117,Superica,https://www.yelp.com/biz/superica-atlanta-4?osq=Restaurants
118,Marlow’s Tavern,https://www.yelp.com/biz/marlows-tavern-atlanta-4?osq=Restaurants
119,Eight Sushi Lounge,https://www.yelp.com/biz/eight-sushi-lounge-atlanta?osq=Restaurants
120,BeetleCat,https://www.yelp.com/biz/beetlecat-atlanta?osq=Restaurants
121,Varuni Napoli,https://www.yelp.com/biz/varuni-napoli-atlanta?osq=Restaurants
122,Home Grown,https://www.yelp.com/biz/home-grown-atlanta?osq=Restaurants
123,Botanico,https://www.yelp.com/biz/botanico-atlanta?osq=Restaurants
124,King + Duke,https://www.yelp.com/biz/king-duke-atlanta?osq=Restaurants
125,Alma Cocina - Downtown,https://www.yelp.com/biz/alma-cocina-downtown-atlanta?osq=Restaurants
126,"Tom, Dick & Hank",https://www.yelp.com/biz/tom-dick-and-hank-atlanta-3?osq=Restaurants
127,Bismillah Cafe,https://www.yelp.com/biz/bismillah-cafe-atlanta?osq=Restaurants
128,Wrecking Bar Brewpub,https://www.yelp.com/biz/wrecking-bar-brewpub-atlanta?osq=Restaurants
129,Tuk Tuk Thai Food Loft,https://www.yelp.com/biz/tuk-tuk-thai-food-loft-atlanta?osq=Restaurants
130,Plant Based Pizzeria,https://www.yelp.com/biz/plant-based-pizzeria-no-title?osq=Restaurants
131,Gaja Korean Bar,https://www.yelp.com/biz/gaja-korean-bar-atlanta?osq=Restaurants
132,Eclipse Di Luna,https://www.yelp.com/biz/eclipse-di-luna-atlanta?osq=Restaurants
133,Bon Ton,https://www.yelp.com/biz/bon-ton-atlanta?osq=Restaurants
134,Anh’s Kitchen,https://www.yelp.com/biz/anhs-kitchen-atlanta-2?osq=Restaurants
135,So Kong Dong Tofu House,https://www.yelp.com/biz/so-kong-dong-tofu-house-atlanta?osq=Restaurants
136,Barcelona Westside Ironworks,https://www.yelp.com/biz/barcelona-westside-ironworks-atlanta?osq=Restaurants
137,Ammazza,https://www.yelp.com/biz/ammazza-atlanta?osq=Restaurants
138,Ticonderoga Club,https://www.yelp.com/biz/ticonderoga-club-atlanta?osq=Restaurants
139,Publico Kitchen & Tap,https://www.yelp.com/biz/publico-kitchen-and-tap-atlanta?osq=Restaurants
140,The Nook On Piedmont Park,https://www.yelp.com/biz/the-nook-on-piedmont-park-atlanta?osq=Restaurants
141,Mushi Ni,https://www.yelp.com/biz/mushi-ni-atlanta-3?osq=Restaurants
142,Kaleidoscope Bistro & Pub,https://www.yelp.com/biz/kaleidoscope-bistro-and-pub-atlanta-2?osq=Restaurants
143,Truva Turkish Kitchen,https://www.yelp.com/biz/truva-turkish-kitchen-atlanta-4?osq=Restaurants
144,Nancy’s Pizza,https://www.yelp.com/biz/nancys-chicago-pizza-atlanta?osq=Restaurants
145,Gyu-Kaku Japanese BBQ,https://www.yelp.com/biz/gyu-kaku-japanese-bbq-atlanta?osq=Restaurants
146,Storico Fresco Alimentari e Ristorante,https://www.yelp.com/biz/storico-fresco-alimentari-e-ristorante-atlanta?osq=Restaurants
147,Little Bear,https://www.yelp.com/biz/little-bear-atlanta?osq=Restaurants
148,26 Thai Kitchen & Bar at Midtown,https://www.yelp.com/biz/26-thai-kitchen-and-bar-at-midtown-atlanta?osq=Restaurants
149,Jai Ho Indian Kitchen & Bar,https://www.yelp.com/biz/jai-ho-indian-kitchen-and-bar-atlanta?osq=Restaurants
150,The Original El Taco,https://www.yelp.com/biz/the-original-el-taco-atlanta?osq=Restaurants
151,Agavero Cantina - Atlanta,https://www.yelp.com/biz/agavero-cantina-atlanta-atlanta?osq=Restaurants
152,Silom Thai & Sushi,https://www.yelp.com/biz/silom-thai-and-sushi-atlanta?osq=Restaurants
153,Mediterranean Grill,https://www.yelp.com/biz/mediterranean-grill-atlanta?osq=Restaurants
154,B’s Cracklin’ Barbecue,https://www.yelp.com/biz/bs-cracklin-barbecue-atlanta?osq=Restaurants
155,The Brasserie and Neighborhood Café at PARISH,https://www.yelp.com/biz/the-brasserie-and-neighborhood-caf%C3%A9-at-parish-atlanta?osq=Restaurants
156,Blossom Tree,https://www.yelp.com/biz/blossom-tree-atlanta?osq=Restaurants
157,Lazy Llama Cantina,https://www.yelp.com/biz/lazy-llama-cantina-atlanta?osq=Restaurants
158,Com Vietnamese Grill Restaurant,https://www.yelp.com/biz/com-vietnamese-grill-restaurant-atlanta-2?osq=Restaurants
159,Taqueria Del Sol,https://www.yelp.com/biz/taqueria-del-sol-atlanta-2?osq=Restaurants
160,Max’s Coal Oven Pizzeria,https://www.yelp.com/biz/maxs-coal-oven-pizzeria-atlanta?osq=Restaurants
161,Food Terminal,https://www.yelp.com/biz/food-terminal-atlanta?osq=Restaurants
162,gusto!,https://www.yelp.com/biz/gusto-atlanta?osq=Restaurants
163,endive Publik house,https://www.yelp.com/biz/endive-publik-house-atlanta-3?osq=Restaurants
164,Burgerfan,https://www.yelp.com/biz/burgerfan-atlanta?osq=Restaurants
165,Colonnade Restaurant,https://www.yelp.com/biz/colonnade-restaurant-atlanta?osq=Restaurants
166,Pijiu Belly,https://www.yelp.com/biz/pijiu-belly-atlanta?osq=Restaurants
167,STK Atlanta,https://www.yelp.com/biz/stk-atlanta-atlanta?osq=Restaurants
168,Vortex Bar & Grill,https://www.yelp.com/biz/vortex-bar-and-grill-atlanta?osq=Restaurants
169,Buttermilk Kitchen,https://www.yelp.com/biz/buttermilk-kitchen-atlanta?osq=Restaurants
170,Slim & Husky’s Pizza Beeria,https://www.yelp.com/biz/slim-and-huskys-pizza-beeria-atlanta?osq=Restaurants
171,Tiny Lou’s,https://www.yelp.com/biz/tiny-lous-atlanta?osq=Restaurants
172,Campagnolo,https://www.yelp.com/biz/campagnolo-atlanta?osq=Restaurants
173,Momonoki,https://www.yelp.com/biz/momonoki-atlanta-17?osq=Restaurants
174,Busy Bee Cafe,https://www.yelp.com/biz/busy-bee-cafe-atlanta?osq=Restaurants
175,Ah-Ma’s Taiwanese Kitchen,https://www.yelp.com/biz/ah-mas-taiwanese-kitchen-atlanta-3?osq=Restaurants
176,My Potato Factory,https://www.yelp.com/biz/my-potato-factory-atlanta-3?osq=Restaurants
177,EATaliano Kitchen,https://www.yelp.com/biz/eataliano-kitchen-atlanta?osq=Restaurants
178,Brew and Bird,https://www.yelp.com/biz/brew-and-bird-decatur-2?osq=Restaurants
179,Wats Crackin Garlic Crabs,https://www.yelp.com/biz/wats-crackin-garlic-crabs-atlanta?osq=Restaurants
180,Tannour Mediterranean Grill,https://www.yelp.com/biz/tannour-grill-atlanta-3?osq=Restaurants
181,Pittypat’s Porch Restaurant,https://www.yelp.com/biz/pittypats-porch-restaurant-atlanta?osq=Restaurants
182,St. Cecilia,https://www.yelp.com/biz/st-cecilia-atlanta?osq=Restaurants
183,Marlow’s Tavern,https://www.yelp.com/biz/marlows-tavern-atlanta-14?osq=Restaurants
184,Viva La Vegan,https://www.yelp.com/biz/viva-la-vegan-atlanta?osq=Restaurants
185,Superica,https://www.yelp.com/biz/superica-atlanta-5?osq=Restaurants
186,Tassili’s Raw Reality,https://www.yelp.com/biz/tassilis-raw-reality-atlanta?osq=Restaurants
187,Bambinelli’s,https://www.yelp.com/biz/bambinellis-atlanta-2?osq=Restaurants
188,Houston’s Restaurant,https://www.yelp.com/biz/houstons-restaurant-atlanta-7?osq=Restaurants
189,Tacos & Tequilas Mexican Grill,https://www.yelp.com/biz/tacos-and-tequilas-mexican-grill-atlanta-3?osq=Restaurants
190,Eats,https://www.yelp.com/biz/eats-atlanta?osq=Restaurants
191,Le Colonial - Atlanta,https://www.yelp.com/biz/le-colonial-atlanta-atlanta-2?osq=Restaurants
192,Hajime,https://www.yelp.com/biz/hajime-atlanta-3?osq=Restaurants
193,Fox Brothers Bar-B-Que Que-osk,https://www.yelp.com/biz/fox-brothers-bar-b-que-que-osk-atlanta?osq=Restaurants
194,Cafe Bombay,https://www.yelp.com/biz/cafe-bombay-atlanta?osq=Restaurants
195,Umi,https://www.yelp.com/biz/umi-atlanta?osq=Restaurants
196,The Southern Gentleman,https://www.yelp.com/biz/the-southern-gentleman-atlanta?osq=Restaurants
197,Taqueria Del Sol,https://www.yelp.com/biz/taqueria-del-sol-atlanta?osq=Restaurants
198,Sway,https://www.yelp.com/biz/sway-atlanta?osq=Restaurants
199,DAS BBQ,https://www.yelp.com/biz/das-bbq-atlanta?osq=Restaurants
200,Tamsung Thai Street Eats,https://www.yelp.com/biz/tamsung-thai-street-eats-atlanta?osq=Restaurants
201,Industry Tavern,https://www.yelp.com/biz/industry-tavern-atlanta?osq=Restaurants
202,Max Lager’s Wood-Fired Grill & Brewery,https://www.yelp.com/biz/max-lagers-wood-fired-grill-and-brewery-atlanta?osq=Restaurants
203,Stone Bowl House -Woo Nam Jeong,https://www.yelp.com/biz/stone-bowl-house-woo-nam-jeong-atlanta?osq=Restaurants
204,Meatballerz,https://www.yelp.com/biz/meatballerz-atlanta-5?osq=Restaurants
205,Lips - Atlanta,https://www.yelp.com/biz/lips-atlanta-atlanta?osq=Restaurants
206,Rock Steady - Atlanta,https://www.yelp.com/biz/rock-steady-atlanta-atlanta?osq=Restaurants
207,PONKO Chicken,https://www.yelp.com/biz/ponko-chicken-atlanta-2?osq=Restaurants
208,Bocado,https://www.yelp.com/biz/bocado-atlanta?osq=Restaurants
209,Salaryman,https://www.yelp.com/biz/salaryman-atlanta-2?osq=Restaurants
210,Nino’s Italian Restaurant,https://www.yelp.com/biz/ninos-italian-restaurant-atlanta?osq=Restaurants
211,Palacsinta,https://www.yelp.com/biz/palacsinta-atlanta-2?osq=Restaurants
212,Pappadeaux Seafood Kitchen,https://www.yelp.com/biz/pappadeaux-seafood-kitchen-marietta?osq=Restaurants
213,Howell’s Kitchen and Bar,https://www.yelp.com/biz/howells-kitchen-and-bar-atlanta?osq=Restaurants
214,Bun Mi Vietnamese Grill,https://www.yelp.com/biz/bun-mi-vietnamese-grill-atlanta-3?osq=Restaurants
215,Bellina Alimentari,https://www.yelp.com/biz/bellina-alimentari-atlanta?osq=Restaurants
216,Ray’s in the City,https://www.yelp.com/biz/rays-in-the-city-atlanta?osq=Restaurants
217,Ecco - Midtown,https://www.yelp.com/biz/ecco-midtown-atlanta?osq=Restaurants
218,Bangkok Thai Restaurant,https://www.yelp.com/biz/bangkok-thai-restaurant-atlanta-3?osq=Restaurants
219,Haven,https://www.yelp.com/biz/haven-atlanta?osq=Restaurants
220,Pho Dai Loi 2,https://www.yelp.com/biz/pho-dai-loi-2-atlanta?osq=Restaurants
221,Gio’s Chicken Amalfitano,https://www.yelp.com/biz/gios-chicken-amalfitano-atlanta?osq=Restaurants
222,Gino’s NY Pizza Bar,https://www.yelp.com/biz/ginos-ny-pizza-bar-atlanta?osq=Restaurants
223,Nicola’s Restaurant,https://www.yelp.com/biz/nicolas-restaurant-atlanta?osq=Restaurants
224,Murphy’s,https://www.yelp.com/biz/murphys-atlanta?osq=Restaurants
225,Hsu’s Atlanta,https://www.yelp.com/biz/hsus-atlanta-atlanta?osq=Restaurants
226,Park Bar,https://www.yelp.com/biz/park-bar-atlanta?osq=Restaurants
227,The Pig & The Pearl,https://www.yelp.com/biz/the-pig-and-the-pearl-atlanta-2?osq=Restaurants
228,Southern Belle,https://www.yelp.com/biz/southern-belle-atlanta?osq=Restaurants
229,Blue India,https://www.yelp.com/biz/blue-india-atlanta?osq=Restaurants
230,Kevin Rathbun Steak,https://www.yelp.com/biz/kevin-rathbun-steak-atlanta?osq=Restaurants
231,Hai,https://www.yelp.com/biz/hai-decatur-2?osq=Restaurants
232,Le Fat,https://www.yelp.com/biz/le-fat-atlanta?osq=Restaurants
233,La Parrilla Mexican Restaurant,https://www.yelp.com/biz/la-parrilla-mexican-restaurant-atlanta-2?osq=Restaurants
234,Mambo Italian Street Food,https://www.yelp.com/biz/mambo-italian-street-food-atlanta?osq=Restaurants
235,Avellino’s,https://www.yelp.com/biz/avellinos-atlanta?osq=Restaurants
236,Bone Garden Cantina,https://www.yelp.com/biz/bone-garden-cantina-atlanta?osq=Restaurants
237,Krab Kingz,https://www.yelp.com/biz/krab-kingz-atlanta?osq=Restaurants
238,YEAH! BURGER,https://www.yelp.com/biz/yeah-burger-atlanta-5?osq=Restaurants
239,Char Korean Bar & Grill,https://www.yelp.com/biz/char-korean-bar-and-grill-atlanta?osq=Restaurants
240,Sotto Sotto,https://www.yelp.com/biz/sotto-sotto-atlanta-2?osq=Restaurants
241,Treehouse Restaurant and Pub,https://www.yelp.com/biz/treehouse-restaurant-and-pub-atlanta?osq=Restaurants
242,Wonderkid,https://www.yelp.com/biz/wonderkid-atlanta?osq=Restaurants
243,Zeus Greek Street Food,https://www.yelp.com/biz/zeus-greek-street-food-atlanta?osq=Restaurants
244,Bartaco Chastain Park,https://www.yelp.com/biz/bartaco-chastain-park-atlanta?osq=Restaurants
245,Crispina Grill,https://www.yelp.com/biz/crispina-grill-atlanta-2?osq=Restaurants
246,Dantanna’s,https://www.yelp.com/biz/dantannas-atlanta?osq=Restaurants
247,Bangkok Station,https://www.yelp.com/biz/bangkok-station-atlanta?osq=Restaurants
248,Chops,https://www.yelp.com/biz/chops-atlanta?osq=Restaurants
249,Bar Mercado,https://www.yelp.com/biz/bar-mercado-atlanta?osq=Restaurants
250,Mali Restaurant,https://www.yelp.com/biz/mali-restaurant-atlanta-2?osq=Restaurants
251,CO,https://www.yelp.com/biz/co-atlanta-5?osq=Restaurants
252,Fogo de Chão Brazilian Steakhouse,https://www.yelp.com/biz/fogo-de-ch%C3%A3o-brazilian-steakhouse-atlanta-10?osq=Restaurants
253,The White Bull,https://www.yelp.com/biz/the-white-bull-decatur?osq=Restaurants
254,Jack’s Pizza & Wings,https://www.yelp.com/biz/jacks-pizza-and-wings-atlanta-2?osq=Restaurants
255,SOHO Restaurant,https://www.yelp.com/biz/soho-restaurant-atlanta?osq=Restaurants
256,Mojave,https://www.yelp.com/biz/mojave-atlanta?osq=Restaurants
257,bartaco,https://www.yelp.com/biz/bartaco-atlanta-5?osq=Restaurants
258,The Lawrence,https://www.yelp.com/biz/the-lawrence-atlanta?osq=Restaurants
259,Ladybird Grove & Mess Hall,https://www.yelp.com/biz/ladybird-grove-and-mess-hall-atlanta-3?osq=Restaurants
260,Arepa Mia,https://www.yelp.com/biz/arepa-mia-atlanta?osq=Restaurants
261,Nam Phuong,https://www.yelp.com/biz/nam-phuong-atlanta?osq=Restaurants
262,Gu’s Dumplings,https://www.yelp.com/biz/gus-dumplings-atlanta?osq=Restaurants
263,Lloyd’s Restaurant and Lounge,https://www.yelp.com/biz/lloyd-s-restaurant-and-lounge-atlanta?osq=Restaurants
264,Wisteria,https://www.yelp.com/biz/wisteria-atlanta?osq=Restaurants
265,Shake Shack,https://www.yelp.com/biz/shake-shack-atlanta?osq=Restaurants
266,Sometimeatarian,https://www.yelp.com/biz/sometimeatarian-atlanta-2?osq=Restaurants
267,D B A Barbecue,https://www.yelp.com/biz/d-b-a-barbecue-atlanta-6?osq=Restaurants
268,Georgia Beer Garden,https://www.yelp.com/biz/georgia-beer-garden-atlanta?osq=Restaurants
269,Hungry Ghost,https://www.yelp.com/biz/hungry-ghost-atlanta-2?osq=Restaurants
270,Baraka Shawarma,https://www.yelp.com/biz/baraka-shawarma-atlanta?osq=Restaurants
271,Shawarma Non-Stop,https://www.yelp.com/biz/shawarma-non-stop-atlanta?osq=Restaurants
272,Venkman’s,https://www.yelp.com/biz/venkmans-atlanta?osq=Restaurants
273,The Big Ketch Saltwater Grill - Buckhead,https://www.yelp.com/biz/the-big-ketch-saltwater-grill-buckhead-atlanta?osq=Restaurants
274,Pho Dai Viet Restaurant,https://www.yelp.com/biz/pho-dai-viet-restaurant-atlanta?osq=Restaurants
275,Desta Ethiopian Kitchen - Emory Point,https://www.yelp.com/biz/desta-ethiopian-kitchen-emory-point-atlanta-4?osq=Restaurants
276,Golden Eagle,https://www.yelp.com/biz/golden-eagle-atlanta?osq=Restaurants
277,New Realm Brewing,https://www.yelp.com/biz/new-realm-brewing-atlanta-3?osq=Restaurants
278,Cafe Sunflower Buckhead,https://www.yelp.com/biz/cafe-sunflower-buckhead-atlanta?osq=Restaurants
279,Surin of Thailand,https://www.yelp.com/biz/surin-of-thailand-atlanta-4?osq=Restaurants
280,Local Three,https://www.yelp.com/biz/local-three-atlanta?osq=Restaurants
281,Houston’s Restaurant,https://www.yelp.com/biz/houstons-restaurant-atlanta-9?osq=Restaurants
282,Aladdin’s Mediterranean Grill,https://www.yelp.com/biz/aladdins-mediterranean-grill-atlanta?osq=Restaurants
283,Hampton + Hudson,https://www.yelp.com/biz/hampton-hudson-atlanta-2?osq=Restaurants
284,Sun in My Belly,https://www.yelp.com/biz/sun-in-my-belly-atlanta-12?osq=Restaurants
285,El Rey del Taco,https://www.yelp.com/biz/el-rey-del-taco-atlanta?osq=Restaurants
286,Redbird,https://www.yelp.com/biz/redbird-atlanta?osq=Restaurants
287,Copeland’s,https://www.yelp.com/biz/copelands-atlanta-4?osq=Restaurants
288,Holy Taco,https://www.yelp.com/biz/holy-taco-atlanta?osq=Restaurants
289,Daddy D’z BBQ Joynt,https://www.yelp.com/biz/daddy-d-z-bbq-joynt-atlanta?osq=Restaurants
290,Gather,https://www.yelp.com/biz/gather-atlanta?osq=Restaurants
291,Hal’s The Steakhouse,https://www.yelp.com/biz/hals-the-steakhouse-atlanta?osq=Restaurants
292,The Rusty Nail Pub,https://www.yelp.com/biz/the-rusty-nail-pub-atlanta-2?osq=Restaurants
293,Oddbird,https://www.yelp.com/biz/oddbird-atlanta?osq=Restaurants
294,Marguerite’s Jerk Bistro,https://www.yelp.com/biz/marguerite-s-jerk-bistro-atlanta?osq=Restaurants
295,Stoney River Steakhouse and Grill,https://www.yelp.com/biz/stoney-river-steakhouse-and-grill-atlanta-2?osq=Restaurants
296,Field Day,https://www.yelp.com/biz/field-day-atlanta-2?osq=Restaurants
297,Spoon Eastside,https://www.yelp.com/biz/spoon-eastside-atlanta?osq=Restaurants
298,Yokohama Sushi,https://www.yelp.com/biz/yokohama-sushi-atlanta?osq=Restaurants
299,Babette’s Cafe,https://www.yelp.com/biz/babettes-cafe-atlanta-3?osq=Restaurants
300,The Wing Bar,https://www.yelp.com/biz/the-wing-bar-atlanta?osq=Restaurants
301,Farm Burger,https://www.yelp.com/biz/farm-burger-atlanta-4?osq=Restaurants
302,Donetto,https://www.yelp.com/biz/donetto-atlanta-2?osq=Restaurants
303,Zunzi’s,https://www.yelp.com/biz/zunzis-atlanta-3?osq=Restaurants
304,KR SteakBar,https://www.yelp.com/biz/kr-steakbar-atlanta?osq=Restaurants
305,Sweet Auburn Seafood,https://www.yelp.com/biz/sweet-auburn-seafood-atlanta?osq=Restaurants
306,Fritti,https://www.yelp.com/biz/fritti-atlanta?osq=Restaurants
307,Agave Restaurant,https://www.yelp.com/biz/agave-restaurant-atlanta?osq=Restaurants
308,McCray’s Tavern - Midtown,https://www.yelp.com/biz/mccrays-tavern-midtown-atlanta?osq=Restaurants
309,The Earl,https://www.yelp.com/biz/the-earl-atlanta?osq=Restaurants
310,Santorini,https://www.yelp.com/biz/santorini-atlanta-2?osq=Restaurants
311,Ocean Wave By Harry And Sons,https://www.yelp.com/biz/ocean-wave-by-harry-and-sons-atlanta-10?osq=Restaurants
312,Miss Gogi,https://www.yelp.com/biz/miss-gogi-atlanta?osq=Restaurants
313,The Consulate,https://www.yelp.com/biz/the-consulate-atlanta-5?osq=Restaurants
314,Blackbird,https://www.yelp.com/biz/blackbird-atlanta?osq=Restaurants
315,Vickery’s Bar & Grill - Glenwood Park,https://www.yelp.com/biz/vickerys-bar-and-grill-glenwood-park-atlanta-2?osq=Restaurants
316,Yard House - Takeout & Delivery Available,https://www.yelp.com/biz/yard-house-takeout-and-delivery-available-atlanta-2?osq=Restaurants
317,Cousins Maine Lobster Restaurant,https://www.yelp.com/biz/cousins-maine-lobster-restaurant-atlanta?osq=Restaurants
318,Verde Taqueria,https://www.yelp.com/biz/verde-taqueria-atlanta-2?osq=Restaurants
319,Double Zero,https://www.yelp.com/biz/double-zero-atlanta-3?osq=Restaurants
320,Mirko Pasta,https://www.yelp.com/biz/mirko-pasta-atlanta?osq=Restaurants
321,Boxcar,https://www.yelp.com/biz/boxcar-atlanta?osq=Restaurants
322,Beni’s Cubano - Downtown,https://www.yelp.com/biz/beni-s-cubano-downtown-atlanta-3?osq=Restaurants
323,White Oak Kitchen & Cocktails,https://www.yelp.com/biz/white-oak-kitchen-and-cocktails-atlanta?osq=Restaurants
324,Grindhouse Killer Burgers,https://www.yelp.com/biz/grindhouse-killer-burgers-atlanta-24?osq=Restaurants
325,Del Frisco’s Grille,https://www.yelp.com/biz/del-friscos-grille-atlanta?osq=Restaurants
326,Mr Everything Cafe,https://www.yelp.com/biz/mr-everything-cafe-atlanta?osq=Restaurants
327,Crawfish Shack Seafood,https://www.yelp.com/biz/crawfish-shack-seafood-atlanta?osq=Restaurants
328,Bao Bun Cafe,https://www.yelp.com/biz/bao-bun-cafe-atlanta?osq=Restaurants
329,AIX,https://www.yelp.com/biz/aix-atlanta?osq=Restaurants
330,Kamayan ATL,https://www.yelp.com/biz/kamayan-atl-atlanta?osq=Restaurants
331,Baraonda Italian Restaurant,https://www.yelp.com/biz/baraonda-italian-restaurant-atlanta?osq=Restaurants
332,Ton Ton,https://www.yelp.com/biz/ton-ton-atlanta-2?osq=Restaurants
333,The Original Hot Dog Factory,https://www.yelp.com/biz/the-original-hot-dog-factory-atlanta?osq=Restaurants
334,Six Feet Under Pub & Fish House- Westside,https://www.yelp.com/biz/six-feet-under-pub-and-fish-house-westside-atlanta?osq=Restaurants
335,Ssam Burger,https://www.yelp.com/biz/ssam-burger-atlanta?osq=Restaurants
336,Miller Union,https://www.yelp.com/biz/miller-union-atlanta?osq=Restaurants
337,The Halal Guys,https://www.yelp.com/biz/the-halal-guys-atlanta-3?osq=Restaurants
338,Panahar - Bangladeshi Place,https://www.yelp.com/biz/panahar-bangladeshi-place-atlanta?osq=Restaurants
339,Embilta Café & Restaurant Ethiopian Cuisine,https://www.yelp.com/biz/embilta-caf%C3%A9-and-restaurant-ethiopian-cuisine-atlanta?osq=Restaurants
340,FuegoMundo South American Wood-Fire Grill,https://www.yelp.com/biz/fuegomundo-south-american-wood-fire-grill-atlanta?osq=Restaurants
341,Maggiano’s Little Italy,https://www.yelp.com/biz/maggianos-little-italy-atlanta?osq=Restaurants
342,Qing Shu Malatang,https://www.yelp.com/biz/qing-shu-malatang-atlanta?osq=Restaurants
343,No. 246,https://www.yelp.com/biz/no-246-decatur?osq=Restaurants
344,JJ Fish & Chicken,https://www.yelp.com/biz/jj-fish-and-chicken-atlanta?osq=Restaurants
345,Raduni Indian Cuisine,https://www.yelp.com/biz/raduni-indian-cuisine-atlanta-3?osq=Restaurants
346,Nova Sushi Bar & Asian Bistro,https://www.yelp.com/biz/nova-sushi-bar-and-asian-bistro-atlanta?osq=Restaurants
347,Dish Dive,https://www.yelp.com/biz/dish-dive-atlanta?osq=Restaurants
348,Gu’s Kitchen,https://www.yelp.com/biz/gu-s-kitchen-chamblee?osq=Restaurants
349,Kitchen Six,https://www.yelp.com/biz/kitchen-six-decatur?osq=Restaurants
350,Lyla Lila,https://www.yelp.com/biz/lyla-lila-atlanta?osq=Restaurants
351,The General Muir,https://www.yelp.com/biz/the-general-muir-atlanta?osq=Restaurants
352,Wood’s Chapel BBQ,https://www.yelp.com/biz/woods-chapel-bbq-atlanta?osq=Restaurants
353,Bistro Niko,https://www.yelp.com/biz/bistro-niko-atlanta?osq=Restaurants
354,Piu Bello Pizzeria,https://www.yelp.com/biz/piu-bello-pizzeria-atlanta?osq=Restaurants
355,The Po’Boy Shop,https://www.yelp.com/biz/the-poboy-shop-decatur?osq=Restaurants
356,Pho King,https://www.yelp.com/biz/pho-king-atlanta-7?osq=Restaurants
357,Cajun Seafood Market,https://www.yelp.com/biz/cajun-seafood-market-atlanta?osq=Restaurants
358,Doc Chey’s Noodle House,https://www.yelp.com/biz/doc-cheys-noodle-house-atlanta-3?osq=Restaurants
359,Stationside,https://www.yelp.com/biz/stationside-atlanta-2?osq=Restaurants
360,Yoi Yoi Japanese Steakhouse & Sushi,https://www.yelp.com/biz/yoi-yoi-japanese-steakhouse-and-sushi-atlanta-2?osq=Restaurants
361,Kang Nam Japanese Restaurant,https://www.yelp.com/biz/kang-nam-japanese-restaurant-atlanta?osq=Restaurants
362,Chai Yo Modern Thai,https://www.yelp.com/biz/chai-yo-modern-thai-atlanta?osq=Restaurants
363,Top Spice,https://www.yelp.com/biz/top-spice-atlanta-4?osq=Restaurants
364,Kwan’s Deli and Korean Kitchen,https://www.yelp.com/biz/kwans-deli-and-korean-kitchen-atlanta-2?osq=Restaurants
365,Nana G’s Chicken and Waffles,https://www.yelp.com/biz/nana-gs-chicken-and-waffles-atlanta?osq=Restaurants
366,Noodle,https://www.yelp.com/biz/noodle-atlanta?osq=Restaurants
367,Lavash Mediterranean Grill,https://www.yelp.com/biz/lavash-mediterranean-grill-atlanta-2?osq=Restaurants
368,Chick-a-Biddy,https://www.yelp.com/biz/chick-a-biddy-atlanta?osq=Restaurants
369,Chido & Padre’s,https://www.yelp.com/biz/chido-and-padres-atlanta-3?osq=Restaurants
370,Big Easy Grille,https://www.yelp.com/biz/big-easy-grille-atlanta-2?osq=Restaurants
371,Hibachi Buffet,https://www.yelp.com/biz/hibachi-buffet-atlanta-2?osq=Restaurants
372,Tanaka Express,https://www.yelp.com/biz/tanaka-express-atlanta?osq=Restaurants
373,Henry’s Midtown Tavern,https://www.yelp.com/biz/henrys-midtown-tavern-atlanta?osq=Restaurants
374,Tin Lizzy’s Cantina,https://www.yelp.com/biz/tin-lizzys-cantina-atlanta-12?osq=Restaurants
375,Kobe Steakhouse,https://www.yelp.com/biz/kobe-steakhouse-atlanta-2?osq=Restaurants
376,Portofino,https://www.yelp.com/biz/portofino-atlanta?osq=Restaurants
377,My Abuelas Food,https://www.yelp.com/biz/my-abuelas-food-atlanta?osq=Restaurants
378,Brack’s Kitchen,https://www.yelp.com/biz/bracks-kitchen-atlanta?osq=Restaurants
379,Publik Draft House,https://www.yelp.com/biz/publik-draft-house-atlanta?osq=Restaurants
380,Lure,https://www.yelp.com/biz/lure-atlanta?osq=Restaurants
381,Flower Child,https://www.yelp.com/biz/flower-child-atlanta-3?osq=Restaurants
382,Gypsy Kitchen,https://www.yelp.com/biz/gypsy-kitchen-atlanta?osq=Restaurants
383,Rathbun’s,https://www.yelp.com/biz/rathbuns-atlanta?osq=Restaurants
384,Feedel Bistro,https://www.yelp.com/biz/feedel-bistro-atlanta?osq=Restaurants
385,Green Sprout,https://www.yelp.com/biz/green-sprout-atlanta?osq=Restaurants
386,Sabor Dominicano Restaurant,https://www.yelp.com/biz/sabor-dominicano-restaurant-atlanta?osq=Restaurants
387,Cuts Steakhouse,https://www.yelp.com/biz/cuts-steakhouse-atlanta?osq=Restaurants
388,Woody’s CheeseSteaks,https://www.yelp.com/biz/woodys-cheesesteaks-atlanta?osq=Restaurants
389,Thaicoon & Sushi Bar,https://www.yelp.com/biz/thaicoon-and-sushi-bar-atlanta?osq=Restaurants
390,Biltong Bar,https://www.yelp.com/biz/biltong-bar-atlanta-2?osq=Restaurants
391,Casa Vieja Restaurant,https://www.yelp.com/biz/casa-vieja-restaurant-atlanta?osq=Restaurants
392,J’s Mini Hotpot Deluxe,https://www.yelp.com/biz/js-mini-hotpot-deluxe-atlanta?osq=Restaurants
393,Buena Vida Tapas & Sol,https://www.yelp.com/biz/buena-vida-tapas-and-sol-atlanta-2?osq=Restaurants
394,Recess,https://www.yelp.com/biz/recess-atlanta-2?osq=Restaurants
395,Lean Draft House,https://www.yelp.com/biz/lean-draft-house-atlanta-2?osq=Restaurants
396,Fontaine’s Oyster House,https://www.yelp.com/biz/fontaines-oyster-house-atlanta?osq=Restaurants
397,Octopus Bar,https://www.yelp.com/biz/octopus-bar-atlanta?osq=Restaurants
398,Hotto Hotto Ramen & Teppanyaki,https://www.yelp.com/biz/hotto-hotto-ramen-and-teppanyaki-atlanta?osq=Restaurants
399,Six Feet Under Pub & Fish House- Grant Park,https://www.yelp.com/biz/six-feet-under-pub-and-fish-house-grant-park-atlanta-2?osq=Restaurants
400,Continental seafood,https://www.yelp.com/biz/continental-seafood-atlanta-2?osq=Restaurants
401,E-Gyu Revolving Sushi BBQ,https://www.yelp.com/biz/e-gyu-revolving-sushi-bbq-atlanta?osq=Restaurants
402,Monsoon Masala kitchen & sweets,https://www.yelp.com/biz/monsoon-masala-kitchen-and-sweets-atlanta?osq=Restaurants
403,Grub Burger Bar,https://www.yelp.com/biz/grub-burger-bar-atlanta-2?osq=Restaurants
404,Tasty China,https://www.yelp.com/biz/tasty-china-atlanta-4?osq=Restaurants
405,Marrakech Express,https://www.yelp.com/biz/marrakech-express-atlanta?osq=Restaurants
406,Soul Vegetarian Restaurant,https://www.yelp.com/biz/soul-vegetarian-restaurant-atlanta-2?osq=Restaurants
407,Nikolai’s Roof,https://www.yelp.com/biz/nikolais-roof-atlanta-3?osq=Restaurants
408,Doc Chey’s Dragon Bowl,https://www.yelp.com/biz/doc-cheys-dragon-bowl-atlanta-2?osq=Restaurants
409,O Mi Ga,https://www.yelp.com/biz/o-mi-ga-atlanta?osq=Restaurants
410,Seasons 52 - Takeout & Delivery Available,https://www.yelp.com/biz/seasons-52-takeout-and-delivery-available-atlanta?osq=Restaurants
411,Restaurant 10,https://www.yelp.com/biz/restaurant-10-atlanta?osq=Restaurants
412,Las Brasas,https://www.yelp.com/biz/las-brasas-decatur-2?osq=Restaurants
413,Sweet Auburn BBQ,https://www.yelp.com/biz/sweet-auburn-bbq-atlanta-3?osq=Restaurants
414,Yebo Beach Haus,https://www.yelp.com/biz/yebo-beach-haus-atlanta?osq=Restaurants
415,Kong’s Kitchen,https://www.yelp.com/biz/kongs-kitchen-atlanta?osq=Restaurants
416,Crab404,https://www.yelp.com/biz/crab404-atlanta?osq=Restaurants
417,Fan T’Asia,https://www.yelp.com/biz/fan-tasia-atlanta?osq=Restaurants
418,Supremo,https://www.yelp.com/biz/supremo-atlanta?osq=Restaurants
419,KarmaFarm,https://www.yelp.com/biz/karmafarm-atlanta?osq=Restaurants
420,Ann’s Snack Bar,https://www.yelp.com/biz/anns-snack-bar-atlanta?osq=Restaurants
421,Ann’s Snack Bar,https://www.yelp.com/biz/anns-snack-bar-atlanta?osq=Restaurants
422,D 92 Korean BBQ,https://www.yelp.com/biz/d-92-korean-bbq-decatur?osq=Restaurants
423,Ms. Icey’s Kitchen & Bar,https://www.yelp.com/biz/ms-iceys-kitchen-and-bar-decatur?osq=Restaurants
424,Little 5 Corner Tavern,https://www.yelp.com/biz/little-5-corner-tavern-atlanta-2?osq=Restaurants
425,Jia,https://www.yelp.com/biz/jia-atlanta-6?osq=Restaurants
426,Lifting Noodles Ramen,https://www.yelp.com/biz/lifting-noodles-ramen-atlanta?osq=Restaurants
427,285 Colonial Kitchen,https://www.yelp.com/biz/285-colonial-kitchen-atlanta-2?osq=Restaurants
428,Sushi Village,https://www.yelp.com/biz/sushi-village-atlanta?osq=Restaurants
429,Himalayan Spice,https://www.yelp.com/biz/himalayan-spice-atlanta?osq=Restaurants
430,Paschal’s,https://www.yelp.com/biz/paschals-atlanta-3?osq=Restaurants
431,Hankook Taqueria,https://www.yelp.com/biz/hankook-taqueria-atlanta?osq=Restaurants
432,O-Ku Sushi,https://www.yelp.com/biz/o-ku-sushi-atlanta?osq=Restaurants
433,Nan Thai Fine Dining,https://www.yelp.com/biz/nan-thai-fine-dining-atlanta?osq=Restaurants
434,Big B’s Fish Joint,https://www.yelp.com/biz/big-b-s-fish-joint-atlanta?osq=Restaurants
435,Ruchi Bangladeshi Cuisine,https://www.yelp.com/biz/ruchi-bangladeshi-cuisine-atlanta?osq=Restaurants
436,Ok Yaki,https://www.yelp.com/biz/ok-yaki-atlanta-3?osq=Restaurants
437,Banshee,https://www.yelp.com/biz/banshee-atlanta?osq=Restaurants
438,FIGO Pasta,https://www.yelp.com/biz/figo-pasta-atlanta-17?osq=Restaurants
439,The Tavern At Phipps,https://www.yelp.com/biz/the-tavern-at-phipps-atlanta?osq=Restaurants
440,Chirori - Robata & Sake Pairing,https://www.yelp.com/biz/chirori-robata-and-sake-pairing-atlanta?osq=Restaurants
441,Yumbii,https://www.yelp.com/biz/yumbii-atlanta?osq=Restaurants
442,Tavernpointe,https://www.yelp.com/biz/tavernpointe-atlanta?osq=Restaurants
443,Cirque Daiquiri Bar and Grill,https://www.yelp.com/biz/cirque-daiquiri-bar-and-grill-atlanta?osq=Restaurants
444,Joy Cafe,https://www.yelp.com/biz/joy-cafe-atlanta?osq=Restaurants
445,Basil’s Restaurant & Tapas Bar,https://www.yelp.com/biz/basils-restaurant-and-tapas-bar-atlanta?osq=Restaurants
446,Buteco,https://www.yelp.com/biz/buteco-atlanta?osq=Restaurants
447,Whitehall Tavern,https://www.yelp.com/biz/whitehall-tavern-atlanta?osq=Restaurants
448,Messyburger,https://www.yelp.com/biz/messyburger-atlanta?osq=Restaurants
449,Taqueria Tsunami,https://www.yelp.com/biz/taqueria-tsunami-atlanta-5?osq=Restaurants
450,The Oceanaire Seafood Room,https://www.yelp.com/biz/the-oceanaire-seafood-room-atlanta?osq=Restaurants
451,El Bandido Mex Mex Grill,https://www.yelp.com/biz/el-bandido-mex-mex-grill-atlanta?osq=Restaurants
452,RA Sushi Bar Restaurant,https://www.yelp.com/biz/ra-sushi-bar-restaurant-atlanta?osq=Restaurants
453,Makimono,https://www.yelp.com/biz/makimono-atlanta-2?osq=Restaurants
454,El Super Pan,https://www.yelp.com/biz/el-super-pan-atlanta-3?osq=Restaurants
455,The Original J.R. Crickets in Midtown Atlanta,https://www.yelp.com/biz/the-original-j-r-crickets-in-midtown-atlanta-atlanta?osq=Restaurants
456,McCormick & Schmick’s Seafood & Steaks,https://www.yelp.com/biz/mccormick-and-schmicks-seafood-and-steaks-atlanta?osq=Restaurants
457,Savage Pizza,https://www.yelp.com/biz/savage-pizza-atlanta?osq=Restaurants
458,Tuscany at Your Table,https://www.yelp.com/biz/tuscany-at-your-table-atlanta?osq=Restaurants
459,Chopt Creative Salad Co.,https://www.yelp.com/biz/chopt-creative-salad-co-atlanta-7?osq=Restaurants
460,Atlanta Fish House & Grill,https://www.yelp.com/biz/atlanta-fish-house-and-grill-atlanta?osq=Restaurants
461,Atmosphere Bistro,https://www.yelp.com/biz/atmosphere-bistro-atlanta?osq=Restaurants
462,The Deer and The Dove,https://www.yelp.com/biz/the-deer-and-the-dove-decatur?osq=Restaurants
463,Varasano’s Pizzeria,https://www.yelp.com/biz/varasanos-pizzeria-atlanta?osq=Restaurants
464,Divan,https://www.yelp.com/biz/divan-atlanta?osq=Restaurants
465,Verde,https://www.yelp.com/biz/verde-atlanta?osq=Restaurants
466,El Tesoro,https://www.yelp.com/biz/el-tesoro-atlanta-3?osq=Restaurants
467,Fellini’s Pizza,https://www.yelp.com/biz/fellinis-pizza-atlanta?osq=Restaurants
468,Leon’s Full Service,https://www.yelp.com/biz/leons-full-service-decatur?osq=Restaurants
469,Wagaya - Westside,https://www.yelp.com/biz/wagaya-westside-atlanta?osq=Restaurants
470,Pho Kitchen,https://www.yelp.com/biz/pho-kitchen-atlanta?osq=Restaurants
471,La Fonda Latina,https://www.yelp.com/biz/la-fonda-latina-atlanta-5?osq=Restaurants
472,Falafel Nation,https://www.yelp.com/biz/falafel-nation-atlanta-2?osq=Restaurants
473,Las Margaritas Latin Resturant Tequila & Rum Sports Bar,https://www.yelp.com/biz/las-margaritas-latin-resturant-tequila-and-rum-sports-bar-atlanta-2?osq=Restaurants
474,Tacos and Tequilas Mexican Grill,https://www.yelp.com/biz/tacos-and-tequilas-mexican-grill-atlanta?osq=Restaurants
475,H&F Burger,https://www.yelp.com/biz/h-and-f-burger-atlanta?osq=Restaurants
476,The Red Snapper Seafood Restaurant,https://www.yelp.com/biz/the-red-snapper-seafood-restaurant-atlanta?osq=Restaurants
477,La Parrilla Mexican Restaurant,https://www.yelp.com/biz/la-parrilla-mexican-restaurant-atlanta?osq=Restaurants
478,Pricci,https://www.yelp.com/biz/pricci-atlanta?osq=Restaurants
479,Cru,https://www.yelp.com/biz/cru-atlanta?osq=Restaurants
480,Street Bistro,https://www.yelp.com/biz/street-bistro-atlanta?osq=Restaurants
481,Aria,https://www.yelp.com/biz/aria-atlanta?osq=Restaurants
482,Boogalou,https://www.yelp.com/biz/boogalou-atlanta-2?osq=Restaurants
483,Sams Of San Francisco,https://www.yelp.com/biz/sams-of-san-francisco-atlanta?osq=Restaurants
484,The Little Farmhouse Cafe,https://www.yelp.com/biz/the-little-farmhouse-cafe-atlanta-2?osq=Restaurants
485,The Sun Dial Restaurant,https://www.yelp.com/biz/the-sun-dial-restaurant-atlanta?osq=Restaurants
486,Bantam + Biddy,https://www.yelp.com/biz/bantam-biddy-atlanta?osq=Restaurants
487,10 Degrees South,https://www.yelp.com/biz/10-degrees-south-atlanta?osq=Restaurants
488,Hopstix,https://www.yelp.com/biz/hopstix-chamblee?osq=Restaurants
489,Elder Tree Public House,https://www.yelp.com/biz/elder-tree-public-house-atlanta?osq=Restaurants
490,Pho 24,https://www.yelp.com/biz/pho-24-atlanta-2?osq=Restaurants
491,La Casona Colombian Restaurant,https://www.yelp.com/biz/la-casona-colombian-restaurant-atlanta?osq=Restaurants
492,DaVinci’s Pizzeria,https://www.yelp.com/biz/davincis-pizzeria-atlanta?osq=Restaurants
493,Bully Boy,https://www.yelp.com/biz/bully-boy-atlanta?osq=Restaurants
494,Louisiana Bistreaux - Decatur,https://www.yelp.com/biz/louisiana-bistreaux-decatur-decatur-3?osq=Restaurants
495,9 Mile Station,https://www.yelp.com/biz/9-mile-station-atlanta-2?osq=Restaurants
496,Mediterranea,https://www.yelp.com/biz/mediterranea-atlanta?osq=Restaurants
497,Burger Baby Atlanta,https://www.yelp.com/biz/burger-baby-atlanta-atlanta-2?osq=Restaurants
498,Taziki’s Mediterranean Cafe,https://www.yelp.com/biz/tazikis-mediterranean-cafe-atlanta-2?osq=Restaurants
499,Brklyn Kitchen & Lounge,https://www.yelp.com/biz/brklyn-kitchen-and-lounge-atlanta?osq=Restaurants
500,Bonefish Grill,https://www.yelp.com/biz/bonefish-grill-atlanta-8?osq=Restaurants
501,Delia’s Chicken Sausage Stand,https://www.yelp.com/biz/delias-chicken-sausage-stand-atlanta-3?osq=Restaurants
502,Escobar Restaurant and Tapas,https://www.yelp.com/biz/escobar-restaurant-and-tapas-atlanta-2?osq=Restaurants
503,The Melting Pot,https://www.yelp.com/biz/the-melting-pot-atlanta-3?osq=Restaurants
504,Zinburger Wine & Burger Bar,https://www.yelp.com/biz/zinburger-wine-and-burger-bar-atlanta-4?osq=Restaurants
505,Ruth’s Chris Steak House,https://www.yelp.com/biz/ruths-chris-steak-house-atlanta-13?osq=Restaurants
506,Augustine’s,https://www.yelp.com/biz/augustines-atlanta-2?osq=Restaurants
507,Wings 101,https://www.yelp.com/biz/wings-101-atlanta?osq=Restaurants
508,So Ba,https://www.yelp.com/biz/so-ba-atlanta-2?osq=Restaurants
509,Go Vegan Grill,https://www.yelp.com/biz/go-vegan-grill-decatur?osq=Restaurants
510,George’s Restaurant & Bar,https://www.yelp.com/biz/georges-restaurant-and-bar-atlanta?osq=Restaurants
511,Cibo e Beve,https://www.yelp.com/biz/cibo-e-beve-atlanta?osq=Restaurants
512,Fia Restaurant,https://www.yelp.com/biz/fia-restaurant-atlanta?osq=Restaurants
513,Bread & Butterfly,https://www.yelp.com/biz/bread-and-butterfly-atlanta?osq=Restaurants
514,Wagaya - Emory Village,https://www.yelp.com/biz/wagaya-emory-village-atlanta-3?osq=Restaurants
515,Tin Lizzy’s Cantina,https://www.yelp.com/biz/tin-lizzys-cantina-atlanta-16?osq=Restaurants
516,Dixie Q,https://www.yelp.com/biz/dixie-q-atlanta?osq=Restaurants
517,NaanStop,https://www.yelp.com/biz/naanstop-atlanta-4?osq=Restaurants
518,Manuel’s Tavern,https://www.yelp.com/biz/manuels-tavern-atlanta?osq=Restaurants
519,The Canteen,https://www.yelp.com/biz/the-canteen-atlanta?osq=Restaurants
520,Chinese Buddha,https://www.yelp.com/biz/chinese-buddha-atlanta-4?osq=Restaurants
521,Watchman’s,https://www.yelp.com/biz/watchmans-atlanta?osq=Restaurants
522,C&S Seafood & Oyster Bar,https://www.yelp.com/biz/c-and-s-seafood-and-oyster-bar-atlanta?osq=Restaurants
523,Lucky’s Burger & Brew,https://www.yelp.com/biz/luckys-burger-and-brew-atlanta?osq=Restaurants
524,The Food Shoppe,https://www.yelp.com/biz/the-food-shoppe-atlanta?osq=Restaurants
525,Fin & Feathers,https://www.yelp.com/biz/fin-and-feathers-atlanta?osq=Restaurants
526,Taco Mac - Lindbergh,https://www.yelp.com/biz/taco-mac-lindbergh-atlanta?osq=Restaurants
527,Kabob Land,https://www.yelp.com/biz/kabob-land-atlanta-2?osq=Restaurants
528,Goodfellas Pizza & Wings,https://www.yelp.com/biz/goodfellas-pizza-and-wings-atlanta-5?osq=Restaurants
529,Georgia Boy,https://www.yelp.com/biz/georgia-boy-atlanta-2?osq=Restaurants
530,Negril Village,https://www.yelp.com/biz/negril-village-atlanta?osq=Restaurants
531,Victory Sandwich Bar,https://www.yelp.com/biz/victory-sandwich-bar-atlanta-3?osq=Restaurants
532,The Pullman,https://www.yelp.com/biz/the-pullman-atlanta?osq=Restaurants
533,Your Pie,https://www.yelp.com/biz/your-pie-atlanta-8?osq=Restaurants
534,CinéBistro at Town Brookhaven,https://www.yelp.com/biz/cin%C3%A9bistro-at-town-brookhaven-atlanta?osq=Restaurants
535,Public House 28,https://www.yelp.com/biz/public-house-28-atlanta?osq=Restaurants
536,Boruboru sushi,https://www.yelp.com/biz/boruboru-sushi-atlanta?osq=Restaurants
537,Georgia Grille,https://www.yelp.com/biz/georgia-grille-atlanta?osq=Restaurants
538,Dope Mac,https://www.yelp.com/biz/dope-mac-atlanta?osq=Restaurants
539,Osteria 832,https://www.yelp.com/biz/osteria-832-atlanta?osq=Restaurants
540,JenChan’s,https://www.yelp.com/biz/jenchans-atlanta?osq=Restaurants
541,The 57th Fighter Group Restaurant,https://www.yelp.com/biz/the-57th-fighter-group-restaurant-atlanta-2?osq=Restaurants
542,Casseroles,https://www.yelp.com/biz/casseroles-atlanta?osq=Restaurants
543,Tamago Ramen Bar,https://www.yelp.com/biz/tamago-ramen-bar-atlanta-2?osq=Restaurants
544,The Varsity,https://www.yelp.com/biz/the-varsity-atlanta-2?osq=Restaurants
545,Brick Store Pub,https://www.yelp.com/biz/brick-store-pub-decatur?osq=Restaurants
546,NaanStop,https://www.yelp.com/biz/naanstop-atlanta-2?osq=Restaurants
547,ROXX Tavern,https://www.yelp.com/biz/roxx-tavern-atlanta-4?osq=Restaurants
548,Spice House Cascade,https://www.yelp.com/biz/spice-house-cascade-atlanta?osq=Restaurants
549,Fellini’s Pizza Buckhead,https://www.yelp.com/biz/fellinis-pizza-buckhead-atlanta?osq=Restaurants
550,La Hacienda,https://www.yelp.com/biz/la-hacienda-atlanta?osq=Restaurants
551,Buckhead Pizza,https://www.yelp.com/biz/buckhead-pizza-atlanta-3?osq=Restaurants
552,Republic Social House,https://www.yelp.com/biz/republic-social-house-atlanta?osq=Restaurants
553,Mama’s Cocina Latina,https://www.yelp.com/biz/mamas-cocina-latina-atlanta?osq=Restaurants
554,Red’s Beer Garden,https://www.yelp.com/biz/reds-beer-garden-atlanta?osq=Restaurants
555,10th & Piedmont,https://www.yelp.com/biz/10th-and-piedmont-atlanta?osq=Restaurants
556,Dipped’N Butter Atlanta,https://www.yelp.com/biz/dipped-n-butter-atlanta-atlanta?osq=Restaurants
557,The Iberian Pig,https://www.yelp.com/biz/the-iberian-pig-decatur?osq=Restaurants
558,Local Green Atlanta,https://www.yelp.com/biz/local-green-atlanta-atlanta?osq=Restaurants
559,Chris’ Pizza,https://www.yelp.com/biz/chris-pizza-atlanta?osq=Restaurants
560,Cold Beer,https://www.yelp.com/biz/cold-beer-atlanta-2?osq=Restaurants
561,High Steaks,https://www.yelp.com/biz/high-steaks-atlanta-5?osq=Restaurants
562,Hovan Mediterranean Gourmet,https://www.yelp.com/biz/hovan-mediterranean-gourmet-atlanta?osq=Restaurants
563,California Pizza Kitchen at Atlantic Station,https://www.yelp.com/biz/california-pizza-kitchen-at-atlantic-station-atlanta?osq=Restaurants
564,Empire State South,https://www.yelp.com/biz/empire-state-south-atlanta?osq=Restaurants
565,Marlow’s Tavern,https://www.yelp.com/biz/marlows-tavern-atlanta-8?osq=Restaurants
566,Doc Chey’s Noodle House,https://www.yelp.com/biz/doc-cheys-noodle-house-atlanta-4?osq=Restaurants
567,The Greater Good BBQ,https://www.yelp.com/biz/the-greater-good-bbq-atlanta?osq=Restaurants
568,Healthfull Essence,https://www.yelp.com/biz/healthfull-essence-atlanta?osq=Restaurants
569,Depalma’s Porch,https://www.yelp.com/biz/depalmas-porch-atlanta-5?osq=Restaurants
570,Grindhouse Killer Burgers,https://www.yelp.com/biz/grindhouse-killer-burgers-atlanta-27?osq=Restaurants
571,The Family Dog,https://www.yelp.com/biz/the-family-dog-atlanta-3?osq=Restaurants
572,Bowl Lab,https://www.yelp.com/biz/bowl-lab-atlanta-11?osq=Restaurants
573,City Tap House,https://www.yelp.com/biz/city-tap-house-atlanta?osq=Restaurants
574,Anna’s BBQ,https://www.yelp.com/biz/annas-bbq-atlanta?osq=Restaurants
575,Mangos Caribbean Restaurant,https://www.yelp.com/biz/mangos-caribbean-restaurant-atlanta?osq=Restaurants
576,The Capital Grille - Curbside Takeout & Delivery,https://www.yelp.com/biz/the-capital-grille-curbside-takeout-and-delivery-atlanta?osq=Restaurants
577,Highland Tap,https://www.yelp.com/biz/highland-tap-atlanta?osq=Restaurants
578,Il Localino,https://www.yelp.com/biz/il-localino-atlanta?osq=Restaurants
579,Fellaship,https://www.yelp.com/biz/fellaship-atlanta?osq=Restaurants
580,Patria Cocina,https://www.yelp.com/biz/patria-cocina-atlanta?osq=Restaurants
581,Touch,https://www.yelp.com/biz/touch-atlanta?osq=Restaurants
582,Poke Burri,https://www.yelp.com/biz/poke-burri-atlanta-4?osq=Restaurants
583,Crazy Atlanta,https://www.yelp.com/biz/crazy-atlanta-atlanta-3?osq=Restaurants
584,Trader Vic’s,https://www.yelp.com/biz/trader-vics-atlanta?osq=Restaurants
585,The Whelan,https://www.yelp.com/biz/the-whelan-atlanta?osq=Restaurants
586,DUA Vietnamese Noodle Soup,https://www.yelp.com/biz/dua-vietnamese-noodle-soup-atlanta?osq=Restaurants
587,There,https://www.yelp.com/biz/there-atlanta?osq=Restaurants
588,Morton’s The Steakhouse,https://www.yelp.com/biz/mortons-the-steakhouse-atlanta?osq=Restaurants
589,The Shed at Glenwood,https://www.yelp.com/biz/the-shed-at-glenwood-atlanta?osq=Restaurants
590,P N Rice Cake House,https://www.yelp.com/biz/p-n-rice-cake-house-atlanta?osq=Restaurants
591,LT New Orleans Seafood Market,https://www.yelp.com/biz/lt-new-orleans-seafood-market-atlanta?osq=Restaurants
592,PONKO Chicken,https://www.yelp.com/biz/ponko-chicken-atlanta-4?osq=Restaurants
593,Satto Thai & Sushi Bar,https://www.yelp.com/biz/satto-thai-and-sushi-bar-atlanta?osq=Restaurants
594,Fred’s Meat & Bread,https://www.yelp.com/biz/freds-meat-and-bread-atlanta?osq=Restaurants
595,Little Alley Steak - Buckhead,https://www.yelp.com/biz/little-alley-steak-buckhead-atlanta-3?osq=Restaurants
596,Bullpen Rib House,https://www.yelp.com/biz/bullpen-rib-house-atlanta-2?osq=Restaurants
597,Blue Ridge Grill,https://www.yelp.com/biz/blue-ridge-grill-atlanta?osq=Restaurants
598,Irby’s Tavern,https://www.yelp.com/biz/irbys-tavern-atlanta-2?osq=Restaurants
599,Taqueria Taquito Express,https://www.yelp.com/biz/taqueria-taquito-express-atlanta?osq=Restaurants
600,Lucky Thai,https://www.yelp.com/biz/lucky-thai-atlanta?osq=Restaurants
601,Jamrock Jerk Center,https://www.yelp.com/biz/jamrock-jerk-center-atlanta?osq=Restaurants
602,One Luv Cafe ATL,https://www.yelp.com/biz/one-luv-cafe-atl-atlanta?osq=Restaurants
603,Don Quixote,https://www.yelp.com/biz/don-quixote-atlanta?osq=Restaurants
604,Su’s Chinese Cuisine,https://www.yelp.com/biz/sus-chinese-cuisine-atlanta?osq=Restaurants
605,The Companion,https://www.yelp.com/biz/the-companion-atlanta?osq=Restaurants
606,Black Bear Tavern,https://www.yelp.com/biz/black-bear-tavern-atlanta?osq=Restaurants
607,EAV Thai & Sushi,https://www.yelp.com/biz/eav-thai-and-sushi-atlanta?osq=Restaurants
608,MF Sushi Atlanta,https://www.yelp.com/biz/mf-sushi-atlanta-atlanta?osq=Restaurants
609,Il Bacio Pizzeria & Trattoria,https://www.yelp.com/biz/il-bacio-pizzeria-and-trattoria-atlanta?osq=Restaurants
610,Anis Cafe & Bistro,https://www.yelp.com/biz/anis-cafe-and-bistro-atlanta?osq=Restaurants
611,Pin & Proper,https://www.yelp.com/biz/pin-and-proper-atlanta-2?osq=Restaurants
612,The Highlander,https://www.yelp.com/biz/the-highlander-atlanta?osq=Restaurants
613,Grand China Restaurant,https://www.yelp.com/biz/grand-china-restaurant-atlanta?osq=Restaurants
614,We Suki Suki,https://www.yelp.com/biz/we-suki-suki-atlanta?osq=Restaurants
615,Joe’s On Juniper,https://www.yelp.com/biz/joes-on-juniper-atlanta?osq=Restaurants
616,Krog Bar,https://www.yelp.com/biz/krog-bar-atlanta?osq=Restaurants
617,The Cheesecake Factory,https://www.yelp.com/biz/the-cheesecake-factory-atlanta-4?osq=Restaurants
618,Kafenio Avondale,https://www.yelp.com/biz/kafenio-avondale-decatur?osq=Restaurants
619,Qing Mu,https://www.yelp.com/biz/qing-mu-atlanta?osq=Restaurants
620,Tanaka Ramen,https://www.yelp.com/biz/tanaka-ramen-atlanta-2?osq=Restaurants
621,La Fonda Latina,https://www.yelp.com/biz/la-fonda-latina-atlanta?osq=Restaurants
622,Yalla,https://www.yelp.com/biz/yalla-atlanta?osq=Restaurants
623,Livingston Restaurant & Bar,https://www.yelp.com/biz/livingston-restaurant-and-bar-atlanta?osq=Restaurants
624,Crispina Ristorante & Pizzeria,https://www.yelp.com/biz/crispina-ristorante-and-pizzeria-atlanta?osq=Restaurants
625,Atlanta Food Truck Park,https://www.yelp.com/biz/atlanta-food-truck-park-atlanta-2?osq=Restaurants
626,Pour Kitchen + Bar,https://www.yelp.com/biz/pour-kitchen-bar-atlanta-4?osq=Restaurants
627,Dos Bocas,https://www.yelp.com/biz/dos-bocas-atlanta-2?osq=Restaurants
628,Atwoods Pizza Cafe,https://www.yelp.com/biz/atwoods-pizza-cafe-atlanta?osq=Restaurants
629,Smoky Kitchen BBQ,https://www.yelp.com/biz/smoky-kitchen-bbq-atlanta?osq=Restaurants
630,Buckhead Diner,https://www.yelp.com/biz/buckhead-diner-atlanta?osq=Restaurants
631,Top Spice Thai and Malaysian Cuisine,https://www.yelp.com/biz/top-spice-thai-and-malaysian-cuisine-atlanta-3?osq=Restaurants
632,China Hot Pot,https://www.yelp.com/biz/china-hot-pot-atlanta?osq=Restaurants
633,Raging Burrito & Taco,https://www.yelp.com/biz/raging-burrito-and-taco-decatur?osq=Restaurants
634,Ghion Cultural Hall,https://www.yelp.com/biz/ghion-cultural-hall-atlanta-3?osq=Restaurants
635,Pure Taqueria,https://www.yelp.com/biz/pure-taqueria-atlanta-2?osq=Restaurants
636,Grecian Gyro,https://www.yelp.com/biz/grecian-gyro-atlanta-2?osq=Restaurants
637,Desi Spice Indian Cuisine,https://www.yelp.com/biz/desi-spice-indian-cuisine-atlanta?osq=Restaurants
638,Atkins Park Restaurant,https://www.yelp.com/biz/atkins-park-restaurant-atlanta-2?osq=Restaurants
639,Fortune Cookie,https://www.yelp.com/biz/fortune-cookie-atlanta?osq=Restaurants
640,Pita Mediterranean Street Food,https://www.yelp.com/biz/pita-mediterranean-street-food-atlanta-2?osq=Restaurants
641,Formaggio Mio,https://www.yelp.com/biz/formaggio-mio-atlanta?osq=Restaurants
642,Big Al’s Gourmet Butter Made Burgers,https://www.yelp.com/biz/big-als-gourmet-butter-made-burgers-atlanta?osq=Restaurants
643,El Potro Mexican Restaurant,https://www.yelp.com/biz/el-potro-mexican-restaurant-atlanta?osq=Restaurants
644,Firepit Pizza Tavern,https://www.yelp.com/biz/firepit-pizza-tavern-atlanta-3?osq=Restaurants
645,Rain,https://www.yelp.com/biz/rain-atlanta?osq=Restaurants
646,Nick’s Food To Go,https://www.yelp.com/biz/nicks-food-to-go-atlanta?osq=Restaurants
647,Davio’s Northern Italian Steakhouse,https://www.yelp.com/biz/davios-northern-italian-steakhouse-atlanta?osq=Restaurants
648,Mi Barrio,https://www.yelp.com/biz/mi-barrio-atlanta?osq=Restaurants
649,Cook Hall,https://www.yelp.com/biz/cook-hall-atlanta?osq=Restaurants
650,One Eared Stag,https://www.yelp.com/biz/one-eared-stag-atlanta?osq=Restaurants
651,Game-X,https://www.yelp.com/biz/game-x-atlanta?osq=Restaurants
652,Trederick’s Seafood & Grill,https://www.yelp.com/biz/trederick-s-seafood-and-grill-atlanta?osq=Restaurants
653,Star Provisions,https://www.yelp.com/biz/star-provisions-atlanta?osq=Restaurants
654,Park Tavern,https://www.yelp.com/biz/park-tavern-atlanta?osq=Restaurants
655,The Shack BBQ Ga,https://www.yelp.com/biz/the-shack-bbq-ga-atlanta?osq=Restaurants
656,Quoc Huong Banh Mi Fast Food,https://www.yelp.com/biz/quoc-huong-banh-mi-fast-food-atlanta?osq=Restaurants
657,Shake Shack,https://www.yelp.com/biz/shake-shack-atlanta-24?osq=Restaurants
658,Moes and Joe’s Tavern,https://www.yelp.com/biz/moes-and-joes-tavern-atlanta-2?osq=Restaurants
659,Lee’s Bakery,https://www.yelp.com/biz/lees-bakery-atlanta?osq=Restaurants
660,The Alden,https://www.yelp.com/biz/the-alden-chamblee?osq=Restaurants
661,Murph’s,https://www.yelp.com/biz/murphs-atlanta?osq=Restaurants
662,Establishment,https://www.yelp.com/biz/establishment-atlanta-2?osq=Restaurants
663,Fado Irish Pub,https://www.yelp.com/biz/fado-irish-pub-atlanta-8?osq=Restaurants
664,Pig-n-Chik,https://www.yelp.com/biz/pig-n-chik-atlanta-2?osq=Restaurants
665,Noni’s Bar & Deli,https://www.yelp.com/biz/nonis-bar-and-deli-atlanta?osq=Restaurants
666,Little Lagos,https://www.yelp.com/biz/little-lagos-atlanta?osq=Restaurants
667,Jack’s New Yorker Deli,https://www.yelp.com/biz/jacks-new-yorker-deli-atlanta?osq=Restaurants
668,Vero Pizzeria,https://www.yelp.com/biz/vero-pizzeria-atlanta?osq=Restaurants
669,Ali Baba,https://www.yelp.com/biz/ali-baba-atlanta-2?osq=Restaurants
670,Mezcalito’s Cocina & Tequila Bar,https://www.yelp.com/biz/mezcalitos-cocina-and-tequila-bar-atlanta?osq=Restaurants
671,Kat’s Cafe,https://www.yelp.com/biz/kats-cafe-atlanta?osq=Restaurants
672,The Empanada Shop ATL,https://www.yelp.com/biz/the-empanada-shop-atl-atlanta?osq=Restaurants
673,Kimball House,https://www.yelp.com/biz/kimball-house-decatur?osq=Restaurants
674,Yo! Chef What’s Cooking?,https://www.yelp.com/biz/yo-chef-whats-cooking-atlanta?osq=Restaurants
675,Imperial Fez,https://www.yelp.com/biz/imperial-fez-atlanta-3?osq=Restaurants
676,J-Bistro,https://www.yelp.com/biz/j-bistro-atlanta-3?osq=Restaurants
677,Sushi Huku Japanese Restaurant,https://www.yelp.com/biz/sushi-huku-japanese-restaurant-atlanta?osq=Restaurants
678,Unity Restaurant,https://www.yelp.com/biz/unity-restaurant-atlanta?osq=Restaurants
679,Reuben’s Deli,https://www.yelp.com/biz/reubens-deli-atlanta?osq=Restaurants
680,Budi’s Sushi,https://www.yelp.com/biz/budis-sushi-atlanta-2?osq=Restaurants
681,Bahel Ethiopian Restaurant,https://www.yelp.com/biz/bahel-ethiopian-restaurant-atlanta?osq=Restaurants
682,Secreto Southern Kitchen & Bar,https://www.yelp.com/biz/secreto-southern-kitchen-and-bar-brookhaven?osq=Restaurants
683,Floataway Cafe,https://www.yelp.com/biz/floataway-cafe-atlanta-3?osq=Restaurants
684,Cho Dang Tofu House,https://www.yelp.com/biz/cho-dang-tofu-house-atlanta-2?osq=Restaurants
685,gusto! West Midtown,https://www.yelp.com/biz/gusto-west-midtown-atlanta?osq=Restaurants
686,Man Chun Hong,https://www.yelp.com/biz/man-chun-hong-atlanta?osq=Restaurants
687,gusto!,https://www.yelp.com/biz/gusto-atlanta-4?osq=Restaurants
688,Tin Lizzy’s Cantina,https://www.yelp.com/biz/tin-lizzys-cantina-atlanta-11?osq=Restaurants
689,Big Chow Grill,https://www.yelp.com/biz/big-chow-grill-atlanta?osq=Restaurants
690,Fork In The Road,https://www.yelp.com/biz/fork-in-the-road-tucker-2?osq=Restaurants
691,Mix’D UP Burgers,https://www.yelp.com/biz/mixd-up-burgers-atlanta-7?osq=Restaurants
692,Escorpión,https://www.yelp.com/biz/escorpi%C3%B3n-atlanta-2?osq=Restaurants
693,Taverna Plaka,https://www.yelp.com/biz/taverna-plaka-atlanta?osq=Restaurants
694,Joella’s Hot Chicken - Atlanta,https://www.yelp.com/biz/joellas-hot-chicken-atlanta-atlanta?osq=Restaurants
695,Uncle Julio’s,https://www.yelp.com/biz/uncle-julios-atlanta-3?osq=Restaurants
696,Kelz Kitchen - Atlanta,https://www.yelp.com/biz/kelz-kitchen-atlanta-atlanta?osq=Restaurants
697,Ormsbys,https://www.yelp.com/biz/ormsbys-atlanta?osq=Restaurants
698,Buenos Dias Cafe,https://www.yelp.com/biz/buenos-dias-cafe-atlanta-3?osq=Restaurants
699,Sushi Itto,https://www.yelp.com/biz/sushi-itto-atlanta?osq=Restaurants
700,Lifting Noodles Ramen - Battery,https://www.yelp.com/biz/lifting-noodles-ramen-battery-atlanta?osq=Restaurants
701,Poke Bar,https://www.yelp.com/biz/poke-bar-atlanta-2?osq=Restaurants
702,Mercado Acapulco,https://www.yelp.com/biz/mercado-acapulco-atlanta?osq=Restaurants
703,Allora,https://www.yelp.com/biz/allora-atlanta?osq=Restaurants
704,Blue Lagoon Bar & Bistro,https://www.yelp.com/biz/blue-lagoon-bar-and-bistro-atlanta?osq=Restaurants
705,Calle Latina,https://www.yelp.com/biz/calle-latina-decatur?osq=Restaurants
706,Tin Tin,https://www.yelp.com/biz/tin-tin-atlanta?osq=Restaurants
707,Poke City,https://www.yelp.com/biz/poke-city-atlanta-4?osq=Restaurants
708,Planet Bombay Indian Cuisine,https://www.yelp.com/biz/planet-bombay-indian-cuisine-atlanta?osq=Restaurants
709,Garden & Gun Club,https://www.yelp.com/biz/garden-and-gun-club-atlanta-2?osq=Restaurants
710,Outback Steakhouse,https://www.yelp.com/biz/outback-steakhouse-atlanta-4?osq=Restaurants
711,Falafel King,https://www.yelp.com/biz/falafel-king-atlanta?osq=Restaurants
712,Doraku Sushi,https://www.yelp.com/biz/doraku-sushi-atlanta?osq=Restaurants
713,Umai Sushi and Noodles,https://www.yelp.com/biz/umai-sushi-and-noodles-atlanta-7?osq=Restaurants
714,Java Saga,https://www.yelp.com/biz/java-saga-atlanta-3?osq=Restaurants
715,Elmyriachi,https://www.yelp.com/biz/elmyriachi-atlanta-2?osq=Restaurants
716,PHO NAM ATL,https://www.yelp.com/biz/pho-nam-atl-atlanta?osq=Restaurants
717,Ph’East - A Far East Street Feast,https://www.yelp.com/biz/pheast-a-far-east-street-feast-atlanta?osq=Restaurants
718,Irie Mon Cafe,https://www.yelp.com/biz/irie-mon-cafe-atlanta-2?osq=Restaurants
719,Carrabba’s Italian Grill,https://www.yelp.com/biz/carrabbas-italian-grill-atlanta-5?osq=Restaurants
720,Farm Burger,https://www.yelp.com/biz/farm-burger-atlanta-6?osq=Restaurants
721,New York Prime,https://www.yelp.com/biz/new-york-prime-atlanta?osq=Restaurants
722,Antico Pizza Battery,https://www.yelp.com/biz/antico-pizza-battery-atlanta-2?osq=Restaurants
723,Suite Food Lounge,https://www.yelp.com/biz/suite-food-lounge-atlanta?osq=Restaurants
724,Petite Violette,https://www.yelp.com/biz/petite-violette-atlanta?osq=Restaurants
725,Maggiano’s Little Italy,https://www.yelp.com/biz/maggianos-little-italy-atlanta-4?osq=Restaurants
726,Soul Vegetarian Restaurant,https://www.yelp.com/biz/soul-vegetarian-restaurant-atlanta?osq=Restaurants
727,Bento Mac,https://www.yelp.com/biz/bento-mac-atlanta-2?osq=Restaurants
728,Wild Crab,https://www.yelp.com/biz/wild-crab-decatur-2?osq=Restaurants
729,The Club At Chops,https://www.yelp.com/biz/the-club-at-chops-atlanta?osq=Restaurants
730,La Mei Zi,https://www.yelp.com/biz/la-mei-zi-doraville?osq=Restaurants
731,Antica Posta Ristorante Toscano,https://www.yelp.com/biz/antica-posta-ristorante-toscano-atlanta?osq=Restaurants
732,Circle Poke,https://www.yelp.com/biz/circle-poke-atlanta?osq=Restaurants
733,Tapa Tapa,https://www.yelp.com/biz/tapa-tapa-atlanta?osq=Restaurants
734,Smoke Ring,https://www.yelp.com/biz/smoke-ring-atlanta?osq=Restaurants
735,Starfish,https://www.yelp.com/biz/starfish-atlanta?osq=Restaurants
736,BBQ Corner 2,https://www.yelp.com/biz/bbq-corner-2-atlanta-2?osq=Restaurants
737,Little Trouble,https://www.yelp.com/biz/little-trouble-atlanta?osq=Restaurants
738,Chom Chom Vietnamese Kitchen,https://www.yelp.com/biz/chom-chom-vietnamese-kitchen-chamblee-2?osq=Restaurants
739,The Sivas,https://www.yelp.com/biz/the-sivas-atlanta-2?osq=Restaurants
740,Southern Bistro,https://www.yelp.com/biz/southern-bistro-atlanta?osq=Restaurants
741,Jamrock Restaurant,https://www.yelp.com/biz/jamrock-restaurant-atlanta-2?osq=Restaurants
742,Park 27,https://www.yelp.com/biz/park-27-atlanta?osq=Restaurants
743,FIGO Pasta - Edgewood / L5P,https://www.yelp.com/biz/figo-pasta-edgewood-l5p-atlanta?osq=Restaurants
744,Dantanna’s Downtown,https://www.yelp.com/biz/dantannas-downtown-atlanta?osq=Restaurants
745,Elliott Street Deli & Pub,https://www.yelp.com/biz/elliott-street-deli-and-pub-atlanta?osq=Restaurants
746,Edgar’s Proof & Provision,https://www.yelp.com/biz/edgars-proof-and-provision-atlanta?osq=Restaurants
747,Genki Noodles and Sushi,https://www.yelp.com/biz/genki-noodles-and-sushi-atlanta-8?osq=Restaurants
748,Cultivate Food and Coffee,https://www.yelp.com/biz/cultivate-food-and-coffee-atlanta-2?osq=Restaurants
749,Cinco Mexican Cantina,https://www.yelp.com/biz/cinco-mexican-cantina-atlanta?osq=Restaurants
750,Community Q BBQ,https://www.yelp.com/biz/community-q-bbq-decatur-2?osq=Restaurants
751,Bucket Shop Cafe,https://www.yelp.com/biz/bucket-shop-cafe-atlanta-2?osq=Restaurants
752,Longleaf,https://www.yelp.com/biz/longleaf-atlanta?osq=Restaurants
753,Marrakesh Mediterranean Kitchen,https://www.yelp.com/biz/marrakesh-mediterranean-kitchen-atlanta?osq=Restaurants
754,Marlow’s Tavern,https://www.yelp.com/biz/marlows-tavern-atlanta-15?osq=Restaurants
755,Bell Street Burritos,https://www.yelp.com/biz/bell-street-burritos-atlanta-4?osq=Restaurants
756,The Spinning Pie,https://www.yelp.com/biz/the-spinning-pie-atlanta?osq=Restaurants
757,Zun Zún,https://www.yelp.com/biz/zun-z%C3%BAn-atlanta?osq=Restaurants
758,Carroll Street Café,https://www.yelp.com/biz/carroll-street-caf%C3%A9-atlanta-3?osq=Restaurants
759,Atlas,https://www.yelp.com/biz/atlas-atlanta?osq=Restaurants
760,Mamak Vegan Kitchen,https://www.yelp.com/biz/mamak-vegan-kitchen-chamblee-2?osq=Restaurants
761,Midcity Cafe,https://www.yelp.com/biz/midcity-cafe-atlanta-2?osq=Restaurants
762,Holler & Dash Biscuit House,https://www.yelp.com/biz/holler-and-dash-biscuit-house-atlanta-3?osq=Restaurants
763,Frost Bistro & Bar,https://www.yelp.com/biz/frost-bistro-and-bar-atlanta?osq=Restaurants
764,Bareburger,https://www.yelp.com/biz/bareburger-atlanta?osq=Restaurants
765,Kyma,https://www.yelp.com/biz/kyma-atlanta?osq=Restaurants
766,Silvano Pizza and Pasta,https://www.yelp.com/biz/silvano-pizza-and-pasta-atlanta?osq=Restaurants
767,Cameli’s Pizza,https://www.yelp.com/biz/camelis-pizza-atlanta-3?osq=Restaurants
768,Little House Cafe,https://www.yelp.com/biz/little-house-cafe-atlanta?osq=Restaurants
769,Harold’s Chicken & Ice Bar,https://www.yelp.com/biz/harolds-chicken-and-ice-bar-atlanta?osq=Restaurants
770,Ted’s Montana Grill - Cumberland Mall,https://www.yelp.com/biz/teds-montana-grill-cumberland-mall-atlanta?osq=Restaurants
771,Intown Market,https://www.yelp.com/biz/intown-market-atlanta-2?osq=Restaurants
772,Paces & Vine,https://www.yelp.com/biz/paces-and-vine-atlanta?osq=Restaurants
773,Ruth’s Chris Steak House - Buckhead Atlanta,https://www.yelp.com/biz/ruths-chris-steak-house-buckhead-atlanta-buckhead-3?osq=Restaurants
774,The Albert,https://www.yelp.com/biz/the-albert-atlanta?osq=Restaurants
775,Happy Wings,https://www.yelp.com/biz/happy-wings-atlanta?osq=Restaurants
776,Grass VBQ Joint,https://www.yelp.com/biz/grass-vbq-joint-atlanta-2?osq=Restaurants
777,JCT Kitchen & Bar - Temp. CLOSED,https://www.yelp.com/biz/jct-kitchen-and-bar-atlanta?osq=Restaurants
778,Urban Cannibals,https://www.yelp.com/biz/urban-cannibals-atlanta?osq=Restaurants
779,Twelve Eighty,https://www.yelp.com/biz/twelve-eighty-atlanta-2?osq=Restaurants
780,Terrapin Taproom,https://www.yelp.com/biz/terrapin-taproom-atlanta-2?osq=Restaurants
781,Deshi Street Bangladeshi Restaurant,https://www.yelp.com/biz/deshi-street-bangladeshi-restaurant-chamblee?osq=Restaurants
782,Poke City,https://www.yelp.com/biz/poke-city-atlanta-3?osq=Restaurants
783,Fred’s Meat & Bread,https://www.yelp.com/biz/freds-meat-and-bread-atlanta-3?osq=Restaurants
784,Bad Daddy’s Burger Bar,https://www.yelp.com/biz/bad-daddys-burger-bar-decatur-2?osq=Restaurants
785,Thai 5 and Sushi Bar,https://www.yelp.com/biz/thai-5-and-sushi-bar-atlanta?osq=Restaurants
786,Snackboxe Bistro,https://www.yelp.com/biz/snackboxe-bistro-doraville-2?osq=Restaurants
787,Righteous Room,https://www.yelp.com/biz/righteous-room-atlanta?osq=Restaurants
788,Benchwarmer’s,https://www.yelp.com/biz/benchwarmers-atlanta?osq=Restaurants
789,Red Pepper Taqueria,https://www.yelp.com/biz/red-pepper-taqueria-atlanta-5?osq=Restaurants
790,Apres Diem,https://www.yelp.com/biz/apres-diem-atlanta?osq=Restaurants
791,Atlantic Grill at Atlantic Station,https://www.yelp.com/biz/atlantic-grill-at-atlantic-station-atlanta?osq=Restaurants
792,Hoot’s Righteous Wings,https://www.yelp.com/biz/hoots-righteous-wings-atlanta-3?osq=Restaurants
793,Ration & Dram,https://www.yelp.com/biz/ration-and-dram-atlanta?osq=Restaurants
794,Muchacho,https://www.yelp.com/biz/muchacho-atlanta?osq=Restaurants
795,Taco Mac - Virginia Highlands,https://www.yelp.com/biz/taco-mac-virginia-highlands-atlanta?osq=Restaurants
796,Taco Mac - Metropolis,https://www.yelp.com/biz/taco-mac-metropolis-atlanta-2?osq=Restaurants
797,Old Vinings Inn,https://www.yelp.com/biz/old-vinings-inn-atlanta-2?osq=Restaurants
798,Thai Chili,https://www.yelp.com/biz/thai-chili-atlanta?osq=Restaurants
799,Apache Café,https://www.yelp.com/biz/apache-caf%C3%A9-atlanta-2?osq=Restaurants
800,The Taqueria on Broad,https://www.yelp.com/biz/the-taqueria-on-broad-atlanta?osq=Restaurants
801,Sushi Matsuya,https://www.yelp.com/biz/sushi-matsuya-atlanta?osq=Restaurants
802,High Roller Sushi,https://www.yelp.com/biz/high-roller-sushi-atlanta?osq=Restaurants
803,Hudson Grille,https://www.yelp.com/biz/hudson-grille-atlanta-3?osq=Restaurants
804,Iron Age Korean Steak House,https://www.yelp.com/biz/iron-age-korean-steak-house-sandy-springs-2?osq=Restaurants
805,The SOS Tiki Bar,https://www.yelp.com/biz/the-sos-tiki-bar-decatur?osq=Restaurants
806,Bad Daddy’s Burger Bar,https://www.yelp.com/biz/bad-daddys-burger-bar-chamblee-3?osq=Restaurants
807,Panbury’s Double Crust Pies,https://www.yelp.com/biz/panburys-double-crust-pies-atlanta?osq=Restaurants
808,BLU Cantina,https://www.yelp.com/biz/blu-cantina-atlanta-2?osq=Restaurants
809,Zocalo Mexican Kitchen and Cantina,https://www.yelp.com/biz/zocalo-mexican-kitchen-and-cantina-atlanta?osq=Restaurants
810,The hive buckhead,https://www.yelp.com/biz/the-hive-buckhead-atlanta-2?osq=Restaurants
811,Vinny’s NY Pizza,https://www.yelp.com/biz/vinnys-ny-pizza-atlanta-5?osq=Restaurants
812,Richards’ Southern Fried,https://www.yelp.com/biz/richards-southern-fried-atlanta?osq=Restaurants
813,Malaya,https://www.yelp.com/biz/malaya-atlanta?osq=Restaurants
814,Zoes Kitchen,https://www.yelp.com/biz/zoes-kitchen-atlanta-26?osq=Restaurants
815,Bell Street Burritos,https://www.yelp.com/biz/bell-street-burritos-atlanta-5?osq=Restaurants
816,Hooters,https://www.yelp.com/biz/hooters-atlanta-2?osq=Restaurants
817,Onyx,https://www.yelp.com/biz/onyx-atlanta?osq=Restaurants
818,Cinnaholic,https://www.yelp.com/biz/cinnaholic-atlanta-5?osq=Restaurants
819,Vinny’s New York Pizza,https://www.yelp.com/biz/vinnys-new-york-pizza-atlanta-6?osq=Restaurants
820,Hazel Jane’s,https://www.yelp.com/biz/hazel-janes-atlanta?osq=Restaurants
821,The Beautiful Restaurant,https://www.yelp.com/biz/the-beautiful-restaurant-atlanta?osq=Restaurants
822,Tacos La Villa,https://www.yelp.com/biz/tacos-la-villa-smyrna?osq=Restaurants
823,Flying Biscuit Café,https://www.yelp.com/biz/flying-biscuit-caf%C3%A9-atlanta-10?osq=Restaurants
824,Jimmy’z Kitchen Marietta,https://www.yelp.com/biz/jimmyz-kitchen-marietta-marietta?osq=Restaurants
825,Pacific Grill,https://www.yelp.com/biz/pacific-grill-atlanta?osq=Restaurants
826,Lovies BBQ,https://www.yelp.com/biz/lovies-bbq-atlanta?osq=Restaurants
827,Glenn’s Kitchen,https://www.yelp.com/biz/glenns-kitchen-atlanta?osq=Restaurants
828,F.R.O.G.S. Cantina,https://www.yelp.com/biz/f-r-o-g-s-cantina-atlanta?osq=Restaurants
829,La Guelaguetza,https://www.yelp.com/biz/la-guelaguetza-atlanta-3?osq=Restaurants
830,Havana Sandwich Shop,https://www.yelp.com/biz/havana-sandwich-shop-atlanta?osq=Restaurants
831,La Fonda,https://www.yelp.com/biz/la-fonda-atlanta?osq=Restaurants
832,Magic City Kitchen,https://www.yelp.com/biz/magic-city-kitchen-atlanta?osq=Restaurants
833,Revival,https://www.yelp.com/biz/revival-decatur?osq=Restaurants
834,City Winery,https://www.yelp.com/biz/city-winery-atlanta?osq=Restaurants
835,Ted’s Montana Grill - Midtown,https://www.yelp.com/biz/teds-montana-grill-midtown-atlanta?osq=Restaurants
836,The Wing Shack ATL,https://www.yelp.com/biz/the-wing-shack-atl-atlanta-4?osq=Restaurants
837,Blue Moon Pizza,https://www.yelp.com/biz/blue-moon-pizza-atlanta?osq=Restaurants
838,Elmyr,https://www.yelp.com/biz/elmyr-atlanta?osq=Restaurants
839,Napoleon’s,https://www.yelp.com/biz/napoleons-decatur?osq=Restaurants
840,PBR Atlanta: A Coors Banquet Bar,https://www.yelp.com/biz/pbr-atlanta-a-coors-banquet-bar-atlanta?osq=Restaurants
841,Pizza Bella,https://www.yelp.com/biz/pizza-bella-atlanta?osq=Restaurants
842,Big Bang Pizza,https://www.yelp.com/biz/big-bang-pizza-brookhaven?osq=Restaurants
843,El Super Pan The Battery Atlanta,https://www.yelp.com/biz/el-super-pan-the-battery-atlanta-atlanta?osq=Restaurants
844,Burger Theory,https://www.yelp.com/biz/burger-theory-atlanta-2?osq=Restaurants
845,Hard Rock Cafe,https://www.yelp.com/biz/hard-rock-cafe-atlanta-3?osq=Restaurants
846,AG,https://www.yelp.com/biz/ag-atlanta-2?osq=Restaurants
847,Dulce Vegan Bakery and Cafe,https://www.yelp.com/biz/dulce-vegan-bakery-and-cafe-atlanta?osq=Restaurants
848,Papi’s Cuban & Caribbean Grill,https://www.yelp.com/biz/papis-cuban-and-caribbean-grill-decatur?osq=Restaurants
849,El Progreso,https://www.yelp.com/biz/el-progreso-atlanta-2?osq=Restaurants
850,Sushi Hayakawa,https://www.yelp.com/biz/sushi-hayakawa-atlanta-2?osq=Restaurants
851,Delia’s Chicken Sausage Stand,https://www.yelp.com/biz/delias-chicken-sausage-stand-atlanta?osq=Restaurants
852,Flatiron Restaurant & Bar,https://www.yelp.com/biz/flatiron-restaurant-and-bar-atlanta?osq=Restaurants
853,Diaspora Kitchen,https://www.yelp.com/biz/diaspora-kitchen-decatur?osq=Restaurants
854,Supreme Fish Delight,https://www.yelp.com/biz/supreme-fish-delight-atlanta-3?osq=Restaurants
855,6am,https://www.yelp.com/biz/6am-brookhaven?osq=Restaurants
856,Ru San’s,https://www.yelp.com/biz/ru-sans-atlanta-6?osq=Restaurants
857,Chai Peking,https://www.yelp.com/biz/chai-peking-atlanta?osq=Restaurants
858,Taqueria La Carreta,https://www.yelp.com/biz/taqueria-la-carreta-atlanta?osq=Restaurants
859,Sugar Factory,https://www.yelp.com/biz/sugar-factory-atlanta?osq=Restaurants
860,Mellow Mushroom,https://www.yelp.com/biz/mellow-mushroom-atlanta-3?osq=Restaurants
861,Bangkok Thyme,https://www.yelp.com/biz/bangkok-thyme-atlanta?osq=Restaurants
862,Vegan Dream Doughnuts,https://www.yelp.com/biz/vegan-dream-doughnuts-atlanta-2?osq=Restaurants
863,R. Thomas Deluxe Grill,https://www.yelp.com/biz/r-thomas-deluxe-grill-atlanta?osq=Restaurants
864,Dave’s Cosmic Subs,https://www.yelp.com/biz/daves-cosmic-subs-atlanta?osq=Restaurants
865,Taste of Tropical,https://www.yelp.com/biz/taste-of-tropical-atlanta?osq=Restaurants
866,The Juicy Crab,https://www.yelp.com/biz/the-juicy-crab-smyrna?osq=Restaurants
867,Saltwood Charcuterie & Bar,https://www.yelp.com/biz/saltwood-charcuterie-and-bar-atlanta?osq=Restaurants
868,Puff & Petals Lounge,https://www.yelp.com/biz/puff-and-petals-lounge-atlanta?osq=Restaurants
869,Zyka,https://www.yelp.com/biz/zyka-decatur?osq=Restaurants
870,Newk’s Eatery,https://www.yelp.com/biz/newks-eatery-atlanta-2?osq=Restaurants
871,Moe’s Original Bar B Que,https://www.yelp.com/biz/moes-original-bar-b-que-atlanta?osq=Restaurants
872,Dakota Blue,https://www.yelp.com/biz/dakota-blue-atlanta?osq=Restaurants
873,B51,https://www.yelp.com/biz/b51-atlanta?osq=Restaurants
874,Full Commission,https://www.yelp.com/biz/full-commission-atlanta?osq=Restaurants
875,Pho King Express,https://www.yelp.com/biz/pho-king-express-atlanta-2?osq=Restaurants
876,Bone Lick,https://www.yelp.com/biz/bone-lick-atlanta?osq=Restaurants
877,The Sound Table,https://www.yelp.com/biz/the-sound-table-atlanta?osq=Restaurants
878,Babylon Cafe,https://www.yelp.com/biz/babylon-cafe-atlanta?osq=Restaurants
879,Mix’D UP Burgers,https://www.yelp.com/biz/mixd-up-burgers-atlanta-6?osq=Restaurants
880,Dua Vietnamese,https://www.yelp.com/biz/dua-vietnamese-atlanta?osq=Restaurants
881,W.H. Stiles Fish Camp,https://www.yelp.com/biz/w-h-stiles-fish-camp-atlanta-3?osq=Restaurants
882,101 Steak,https://www.yelp.com/biz/101-steak-atlanta?osq=Restaurants
883,Zama Mexican Cuisine & Margarita Bar,https://www.yelp.com/biz/zama-mexican-cuisine-and-margarita-bar-smyrna?osq=Restaurants
884,LongHorn Steakhouse - Curbside To Go Available,https://www.yelp.com/biz/longhorn-steakhouse-curbside-to-go-available-atlanta-2?osq=Restaurants
885,Bottle Rocket Fine Food and Beverage,https://www.yelp.com/biz/bottle-rocket-fine-food-and-beverage-atlanta?osq=Restaurants
886,Southbound,https://www.yelp.com/biz/southbound-chamblee?osq=Restaurants
887,Chopt Creative Salad Co.,https://www.yelp.com/biz/chopt-creative-salad-co-atlanta-5?osq=Restaurants
888,LongHorn Steakhouse - Curbside To Go Available,https://www.yelp.com/biz/longhorn-steakhouse-curbside-to-go-available-atlanta-3?osq=Restaurants
889,Alon’s,https://www.yelp.com/biz/alons-atlanta?osq=Restaurants
890,Mediterranean Bakery & Sandwich,https://www.yelp.com/biz/mediterranean-bakery-and-sandwich-atlanta?osq=Restaurants
891,Snackboxe Bistro,https://www.yelp.com/biz/snackboxe-bistro-atlanta-3?osq=Restaurants
892,Ms. Jibarito,https://www.yelp.com/biz/ms-jibarito-atlanta?osq=Restaurants
893,Sean’s Harvest Market,https://www.yelp.com/biz/seans-harvest-market-atlanta?osq=Restaurants
894,Meatballerz,https://www.yelp.com/biz/meatballerz-atlanta-4?osq=Restaurants
895,P.F. Chang’s,https://www.yelp.com/biz/p-f-changs-atlanta-6?osq=Restaurants
896,Niramish Indian Cuisine,https://www.yelp.com/biz/niramish-indian-cuisine-atlanta-2?osq=Restaurants
897,NaanStop,https://www.yelp.com/biz/naanstop-atlanta?osq=Restaurants
898,Café Vendôme,https://www.yelp.com/biz/caf%C3%A9-vend%C3%B4me-atlanta-2?osq=Restaurants
899,Blaze Fast-Fire’d Pizza,https://www.yelp.com/biz/blaze-fast-fired-pizza-atlanta-3?osq=Restaurants
900,Thrive,https://www.yelp.com/biz/thrive-atlanta?osq=Restaurants
901,Wings R Us,https://www.yelp.com/biz/wings-r-us-atlanta?osq=Restaurants
902,Senor Patron,https://www.yelp.com/biz/senor-patron-atlanta-6?osq=Restaurants
903,Bezoria,https://www.yelp.com/biz/bezoria-atlanta-4?osq=Restaurants
904,El Azteca Mexican Restaurant,https://www.yelp.com/biz/el-azteca-mexican-restaurant-atlanta-4?osq=Restaurants
905,Smashburger,https://www.yelp.com/biz/smashburger-atlanta-3?osq=Restaurants
906,Traffik Kitchen and Cocktails,https://www.yelp.com/biz/traffik-kitchen-and-cocktails-atlanta?osq=Restaurants
907,Saba,https://www.yelp.com/biz/saba-atlanta?osq=Restaurants
908,Whisky Mistress,https://www.yelp.com/biz/whisky-mistress-atlanta?osq=Restaurants
909,Jazzo Taco,https://www.yelp.com/biz/jazzo-taco-atlanta?osq=Restaurants
910,Hudson Grille,https://www.yelp.com/biz/hudson-grille-atlanta-4?osq=Restaurants
911,Farm Burger,https://www.yelp.com/biz/farm-burger-decatur-2?osq=Restaurants
912,Three Dollar Cafe,https://www.yelp.com/biz/three-dollar-cafe-atlanta-6?osq=Restaurants
913,Boggs Social & Supply,https://www.yelp.com/biz/boggs-social-and-supply-atlanta?osq=Restaurants
914,Mama’s Teriyaki,https://www.yelp.com/biz/mamas-teriyaki-atlanta-3?osq=Restaurants
915,Dish Korean Cuisine,https://www.yelp.com/biz/dish-korean-cuisine-chamblee-2?osq=Restaurants
916,Clean Juice Westside Village,https://www.yelp.com/biz/clean-juice-westside-village-atlanta-3?osq=Restaurants
917,Johnny’s Hideaway,https://www.yelp.com/biz/johnnys-hideaway-atlanta?osq=Restaurants
918,Las Tortas Locas,https://www.yelp.com/biz/las-tortas-locas-atlanta-2?osq=Restaurants
919,MOTHER,https://www.yelp.com/biz/mother-atlanta-3?osq=Restaurants
920,Oceans,https://www.yelp.com/biz/oceans-atlanta?osq=Restaurants
921,Pure Taqueria,https://www.yelp.com/biz/pure-taqueria-atlanta?osq=Restaurants
922,Hop’s Chicken,https://www.yelp.com/biz/hops-chicken-atlanta?osq=Restaurants
923,Las Delicias de La Abuela,https://www.yelp.com/biz/las-delicias-de-la-abuela-doraville?osq=Restaurants
924,Newk’s Eatery,https://www.yelp.com/biz/newks-eatery-atlanta-3?osq=Restaurants
925,Best End Brewing,https://www.yelp.com/biz/best-end-brewing-atlanta?osq=Restaurants
926,Arnette’s Chop Shop,https://www.yelp.com/biz/arnettes-chop-shop-brookhaven?osq=Restaurants
927,The Poncey Highland,https://www.yelp.com/biz/the-poncey-highland-atlanta?osq=Restaurants
928,New York Sandwich Shop,https://www.yelp.com/biz/new-york-sandwich-shop-atlanta?osq=Restaurants
929,Urban Pie,https://www.yelp.com/biz/urban-pie-atlanta?osq=Restaurants
930,Shoya Izakaya,https://www.yelp.com/biz/shoya-izakaya-doraville?osq=Restaurants
931,Salad Express,https://www.yelp.com/biz/salad-express-atlanta?osq=Restaurants
932,Q Time,https://www.yelp.com/biz/q-time-atlanta?osq=Restaurants
933,Tin Roof Cantina,https://www.yelp.com/biz/tin-roof-cantina-atlanta-3?osq=Restaurants
934,Bhojanic,https://www.yelp.com/biz/bhojanic-atlanta-2?osq=Restaurants
935,Le Petit Marché,https://www.yelp.com/biz/le-petit-march%C3%A9-atlanta-2?osq=Restaurants
936,Tin Lizzy’s Cantina,https://www.yelp.com/biz/tin-lizzys-cantina-atlanta-14?osq=Restaurants
937,Harmony Vegetarian Restaurant,https://www.yelp.com/biz/harmony-vegetarian-restaurant-atlanta?osq=Restaurants
938,Golden Buddha Restaurant,https://www.yelp.com/biz/golden-buddha-restaurant-decatur?osq=Restaurants
939,Bantam Pub,https://www.yelp.com/biz/bantam-pub-atlanta?osq=Restaurants
940,Mustard Seed BBQ,https://www.yelp.com/biz/mustard-seed-bbq-atlanta-4?osq=Restaurants
941,Johnny’s New York Style Pizza - Delivery/Pickup Available,https://www.yelp.com/biz/johnnys-new-york-style-pizza-atlanta-11?osq=Restaurants
942,Ziba’s Bistro,https://www.yelp.com/biz/zibas-bistro-atlanta?osq=Restaurants
943,Hook Line & Schooner,https://www.yelp.com/biz/hook-line-and-schooner-smyrna-2?osq=Restaurants
944,Northcreek Cafe,https://www.yelp.com/biz/northcreek-cafe-atlanta?osq=Restaurants
945,Grant Central Pizza & Pasta,https://www.yelp.com/biz/grant-central-pizza-and-pasta-atlanta?osq=Restaurants
946,Mt Paran Country Store,https://www.yelp.com/biz/mt-paran-country-store-atlanta?osq=Restaurants
947,Pancho’s Mexican Restaurant & Cantina,https://www.yelp.com/biz/panchos-mexican-restaurant-and-cantina-atlanta?osq=Restaurants
948,Fellini’s Pizza,https://www.yelp.com/biz/fellinis-pizza-atlanta-3?osq=Restaurants
949,Little Azio,https://www.yelp.com/biz/little-azio-atlanta-3?osq=Restaurants
950,El Burro Pollo,https://www.yelp.com/biz/el-burro-pollo-atlanta?osq=Restaurants
951,The Euclid Avenue Yacht Club,https://www.yelp.com/biz/the-euclid-avenue-yacht-club-atlanta?osq=Restaurants
952,Extreme Teriyaki Grill Express,https://www.yelp.com/biz/extreme-teriyaki-grill-express-atlanta-4?osq=Restaurants
953,Chicken Salad Chick,https://www.yelp.com/biz/chicken-salad-chick-atlanta-6?osq=Restaurants
954,Ru San’s Midtown,https://www.yelp.com/biz/ru-sans-midtown-atlanta-3?osq=Restaurants
955,Parker’s On Ponce,https://www.yelp.com/biz/parkers-on-ponce-decatur?osq=Restaurants
956,Fresh 4 U Mediterranean Cafe,https://www.yelp.com/biz/fresh-4-u-mediterranean-cafe-atlanta?osq=Restaurants
957,Wahoo! Grill,https://www.yelp.com/biz/wahoo-grill-decatur?osq=Restaurants
958,Mamak,https://www.yelp.com/biz/mamak-doraville-3?osq=Restaurants
959,Miracle II Christmas pop-up,https://www.yelp.com/biz/miracle-ii-christmas-pop-up-atlanta?osq=Restaurants
960,Big Daddy’s Southern Cuisine,https://www.yelp.com/biz/big-daddys-southern-cuisine-atlanta?osq=Restaurants
961,Emerald City Bagels,https://www.yelp.com/biz/emerald-city-bagels-atlanta?osq=Restaurants
962,Firewall Food Stop,https://www.yelp.com/biz/firewall-food-stop-atlanta?osq=Restaurants
963,Sushi Kiku,https://www.yelp.com/biz/sushi-kiku-atlanta?osq=Restaurants
964,Edgewood Pizza,https://www.yelp.com/biz/edgewood-pizza-atlanta?osq=Restaurants
965,Madras Mantra,https://www.yelp.com/biz/madras-mantra-decatur?osq=Restaurants
966,Callie’s Hot Little Biscuit,https://www.yelp.com/biz/callies-hot-little-biscuit-atlanta?osq=Restaurants
967,The BQE Restaurant & Lounge,https://www.yelp.com/biz/the-bqe-restaurant-and-lounge-atlanta-4?osq=Restaurants
968,Landmark Diner,https://www.yelp.com/biz/landmark-diner-atlanta-3?osq=Restaurants
969,Farmer’s Basket,https://www.yelp.com/biz/farmers-basket-atlanta?osq=Restaurants
970,Pizza Semplice,https://www.yelp.com/biz/pizza-semplice-atlanta-3?osq=Restaurants
971,Benzino’s Crab Trap,https://www.yelp.com/biz/benzinos-crab-trap-atlanta-2?osq=Restaurants
972,Ray’s New York Pizza,https://www.yelp.com/biz/rays-new-york-pizza-atlanta-3?osq=Restaurants
973,Hooters,https://www.yelp.com/biz/hooters-atlanta?osq=Restaurants
974,La Costilla Grill,https://www.yelp.com/biz/la-costilla-grill-atlanta?osq=Restaurants
975,Yalla,https://www.yelp.com/biz/yalla-atlanta-2?osq=Restaurants
976,Sunshine Alchemy,https://www.yelp.com/biz/sunshine-alchemy-atlanta?osq=Restaurants
977,Jalisco Mexican Restaurant,https://www.yelp.com/biz/jalisco-mexican-restaurant-atlanta?osq=Restaurants
978,Elbow Room Bar,https://www.yelp.com/biz/elbow-room-bar-atlanta?osq=Restaurants
979,Food Terminal,https://www.yelp.com/biz/food-terminal-chamblee-2?osq=Restaurants
980,Panbury’s Pie Café,https://www.yelp.com/biz/panburys-pie-caf%C3%A9-atlanta?osq=Restaurants
981,Pancake Social,https://www.yelp.com/biz/pancake-social-atlanta-2?osq=Restaurants
982,International Cafe,https://www.yelp.com/biz/international-cafe-atlanta?osq=Restaurants
983,Moon Indian Cuisine,https://www.yelp.com/biz/moon-indian-cuisine-atlanta?osq=Restaurants
984,Tomo Japanese Restaurant,https://www.yelp.com/biz/tomo-japanese-restaurant-atlanta?osq=Restaurants
985,Rozina Bakehouse & Coffee,https://www.yelp.com/biz/rozina-bakehouse-and-coffee-atlanta?osq=Restaurants
986,FIGO Pasta - Vinings,https://www.yelp.com/biz/figo-pasta-vinings-atlanta-2?osq=Restaurants
987,Flying Crust Pizza & Wings,https://www.yelp.com/biz/flying-crust-pizza-and-wings-atlanta?osq=Restaurants
988,Melton’s App & Tap,https://www.yelp.com/biz/meltons-app-and-tap-decatur?osq=Restaurants
989,Pho 24,https://www.yelp.com/biz/pho-24-atlanta-4?osq=Restaurants
990,The Dinner Detective,https://www.yelp.com/biz/the-dinner-detective-atlanta-4?osq=Restaurants
